metric,sessionsCount,sessionsWithMetricPercentage,sessionsWithoutMetricPercentage,pagesViews,subTotal,Url,Source,averageScrollDepth,totalSessionCount,totalBotSessionCount,distinctUserCount,pagesPerSessionPercentage,totalTime,activeTime
DeadClickCount,1,0,100,0,0,https://www.limingdao.com/zh/tools/%E8%BF%99%E4%B8%AA-%E5%BC%80%E6%BA%90Skill%E8%87%AA%E5%8A%A8%E6%8E%92%E7%89%88%E5%8F%91%E9%80%81%E5%88%B0%E5%85%AC%E4%BC%97%E5%8F%B7%E8%8D%89%E7%A8%BF%E4%B8%8D%E8%8A%B1%E4%B8%80%E5%88%86%E9%92%B1,,,,,,,,
DeadClickCount,1,0,100,0,0,https://www.limingdao.com/en/exit?to=https%3A%2F%2Fwww.youtube.com%2F%40TwoMinutePapers,,,,,,,,
DeadClickCount,9,11.11,88.89,1,1,https://www.limingdao.com/zh,,,,,,,,
DeadClickCount,1,0,100,0,0,https://www.limingdao.com/en/categories/marketing-seo,,,,,,,,
DeadClickCount,1,0,100,0,0,https://www.limingdao.com/zh/tools/%E5%B7%A8%E6%97%A5%E7%A6%84,,,,,,,,
DeadClickCount,1,0,100,0,0,https://www.limingdao.com/zh/tools/DeepReel,,,,,,,,
DeadClickCount,1,0,100,0,0,https://www.limingdao.com/zh/guides/geo-keyword-content-checklist,www.limingdao.com,,,,,,,
DeadClickCount,1,0,100,0,0,https://www.limingdao.com/en/exit?to=https%3A%2F%2Fspace.bilibili.com%2F697174669%2F,,,,,,,,
DeadClickCount,1,0,100,0,0,https://www.limingdao.com/zh/categories/marketing-seo,www.limingdao.com,,,,,,,
DeadClickCount,1,0,100,0,0,https://www.limingdao.com/zh/accounts/liyongle-laoshi,,,,,,,,
DeadClickCount,1,0,100,0,0,https://www.limingdao.com/zh/tools/KDBooks,,,,,,,,
DeadClickCount,1,0,100,0,0,https://www.limingdao.com/zh/tools/TechGPT-%E4%B8%9C%E5%8C%97%E5%A4%A7%E5%AD%A6,,,,,,,,
DeadClickCount,1,0,100,0,0,https://www.limingdao.com/en/exit?to=https%3A%2F%2Fwww.douyin.com%2Fsearch%2Fspzp_04,,,,,,,,
DeadClickCount,1,0,100,0,0,https://www.limingdao.com/zh/tools/%E8%AE%AF%E9%A3%9E%E6%99%BA%E4%BD%9C,,,,,,,,
DeadClickCount,1,0,100,0,0,https://www.limingdao.com/zh/guides/senior-content-themes,,,,,,,,
DeadClickCount,1,0,100,0,0,https://www.limingdao.com/zh/tools/EasyClaw,,,,,,,,
DeadClickCount,1,0,100,0,0,https://www.limingdao.com/zh,www.limingdao.com,,,,,,,
DeadClickCount,1,0,100,0,0,https://www.limingdao.com/zh/accounts/nvsheng-sushe-riji,,,,,,,,
DeadClickCount,1,0,100,0,0,https://www.limingdao.com/categories/AI%E5%BA%94%E7%94%A8,,,,,,,,
DeadClickCount,1,0,100,0,0,https://www.limingdao.com/en/exit?to=https%3A%2F%2Fspace.bilibili.com%2F73842852%2F,,,,,,,,
DeadClickCount,1,0,100,0,0,https://www.limingdao.com/zh/tools/%E5%A2%A8%E7%8B%90AI%E5%86%99%E5%B0%8F%E8%AF%B4,,,,,,,,
DeadClickCount,1,0,100,0,0,https://www.limingdao.com/zh/tools/%E5%BF%97%E6%84%BF%E7%A9%BA%E9%97%B4,,,,,,,,
DeadClickCount,1,0,100,0,0,https://www.limingdao.com/,,,,,,,,
DeadClickCount,1,0,100,0,0,https://www.limingdao.com/zh/tools/fliki,,,,,,,,
DeadClickCount,1,0,100,0,0,https://www.limingdao.com/zh/exit?to=https%3A%2F%2Fxingyuexiezuo.com%2F,,,,,,,,
DeadClickCount,1,0,100,0,0,https://www.limingdao.com/zh/tools/TinyWow,,,,,,,,
DeadClickCount,1,0,100,0,0,https://www.limingdao.com/en/tools/%E6%A0%87%E6%8E%A2%E9%95%BFAI%E6%A0%87%E4%B9%A6,,,,,,,,
DeadClickCount,1,0,100,0,0,https://www.limingdao.com/zh/tools/Presentations.AI,,,,,,,,
DeadClickCount,1,0,100,0,0,https://www.limingdao.com/zh/tools/Wanderboat,,,,,,,,
DeadClickCount,1,0,100,0,0,https://www.limingdao.com/zh/tools/AI-%E5%9B%BE%E5%83%8F%E5%A2%9E%E5%BC%BA%E5%B7%A5%E5%85%B7,,,,,,,,
DeadClickCount,1,0,100,0,0,https://www.limingdao.com/zh/exit?to=https%3A%2F%2Fwww.moonstatistics.com%2Fhome,,,,,,,,
DeadClickCount,1,0,100,0,0,https://www.limingdao.com/zh/tools/Onlook,,,,,,,,
DeadClickCount,1,0,100,0,0,https://www.limingdao.com/zh/exit?to=https%3A%2F%2Fmagnific.ai%2F,,,,,,,,
DeadClickCount,1,0,100,0,0,https://www.limingdao.com/zh/guides/home-appliances-buying-guide,,,,,,,,
DeadClickCount,1,0,100,0,0,https://www.limingdao.com/categories/AI%E5%86%99%E4%BD%9C,,,,,,,,
DeadClickCount,1,0,100,0,0,https://www.limingdao.com/zh/exit?to=https%3A%2F%2Flumalabs.ai%2Fdream-machine,,,,,,,,
DeadClickCount,1,0,100,0,0,https://www.limingdao.com/zh/tools/WHEE,,,,,,,,
DeadClickCount,1,0,100,0,0,https://www.limingdao.com/en/exit?to=https%3A%2F%2Fwww.douyin.com%2Fsearch%2F%25E7%258E%25A9%25E8%25BD%2589office,,,,,,,,
DeadClickCount,1,0,100,0,0,https://www.limingdao.com/tags,,,,,,,,
DeadClickCount,1,0,100,0,0,https://www.limingdao.com/zh/exit?to=https%3A%2F%2Fopenrouter.ai%2Frankings,,,,,,,,
DeadClickCount,1,0,100,0,0,https://www.limingdao.com/zh/tools/MOKI,,,,,,,,
DeadClickCount,1,0,100,0,0,https://www.limingdao.com/zh/tools/SaltTiger,,,,,,,,
DeadClickCount,1,0,100,0,0,https://www.limingdao.com/zh/exit?to=https%3A%2F%2Fspace.bilibili.com%2F470156882,,,,,,,,
DeadClickCount,1,0,100,0,0,https://www.limingdao.com/en/accounts/xiaosheng-bangong,,,,,,,,
DeadClickCount,1,0,100,0,0,https://www.limingdao.com/en/tools/%E5%95%86%E6%B1%A4%E6%97%A5%E6%97%A5%E6%96%B0%E5%A4%A7%E6%A8%A1%E5%9E%8B,,,,,,,,
DeadClickCount,1,0,100,0,0,https://www.limingdao.com/en/tools/Fish-Audio,,,,,,,,
DeadClickCount,1,0,100,0,0,https://www.limingdao.com/zh/exit?to=https%3A%2F%2Fspace.bilibili.com%2F401929486%2F,,,,,,,,
DeadClickCount,1,0,100,0,0,https://www.limingdao.com/zh/exit?to=https%3A%2F%2Fwww.picdoc.cn%2F,,,,,,,,
DeadClickCount,1,0,100,0,0,https://www.limingdao.com/zh/tools/Cursor,,,,,,,,
DeadClickCount,1,0,100,0,0,https://www.limingdao.com/zh/exit?to=https%3A%2F%2Fapp.insta-speak.com%2F,,,,,,,,
DeadClickCount,1,0,100,0,0,https://www.limingdao.com/en/tools/kreadoai,,,,,,,,
DeadClickCount,1,0,100,0,0,https://www.limingdao.com/tags/AI%E5%86%99%E4%BD%9C%E5%B7%A5%E5%85%B7,,,,,,,,
DeadClickCount,1,0,100,0,0,https://www.limingdao.com/en/exit?to=https%3A%2F%2Fspace.bilibili.com%2F19319172%2F,,,,,,,,
DeadClickCount,2,0,100,0,0,https://www.limingdao.com/zh/tools/Booltool,,,,,,,,
DeadClickCount,1,0,100,0,0,https://www.limingdao.com/zh/accounts/douge-heikeji,,,,,,,,
DeadClickCount,2,0,100,0,0,https://www.limingdao.com/tags/AI%E5%9B%BE%E5%83%8F,,,,,,,,
DeadClickCount,1,0,100,0,0,https://www.limingdao.com/zh/exit?to=https%3A%2F%2Fwww.vozo.ai%2F,,,,,,,,
DeadClickCount,1,0,100,0,0,https://www.limingdao.com/zh/accounts/genji-shizhen-ai,,,,,,,,
DeadClickCount,1,0,100,0,0,https://www.limingdao.com/zh/exit?to=https%3A%2F%2Fspace.bilibili.com%2Fxiaolin-coding,,,,,,,,
DeadClickCount,1,0,100,0,0,https://www.limingdao.com/zh/guides/geo-generative-engine-optimization,,,,,,,,
DeadClickCount,1,0,100,0,0,https://www.limingdao.com/zh/accounts/shuxue-jianmo-boom,,,,,,,,
DeadClickCount,1,0,100,0,0,https://www.limingdao.com/zh/tools/Visual-Studio-IntelliCode,,,,,,,,
DeadClickCount,1,0,100,0,0,https://www.limingdao.com/24864/,,,,,,,,
DeadClickCount,1,0,100,0,0,https://www.limingdao.com/en/exit?to=https%3A%2F%2Fwww.douyin.com%2Fsearch%2F%25E9%2598%25BF%25E6%259C%25A8%25E7%2588%25B7%25E7%2588%25B7,,,,,,,,
DeadClickCount,1,0,100,0,0,https://www.limingdao.com/en/tools/Pollo-AI,,,,,,,,
DeadClickCount,1,0,100,0,0,https://www.limingdao.com/tags/AI%E5%A4%A7%E6%A8%A1%E5%9E%8B,,,,,,,,
DeadClickCount,1,0,100,0,0,https://www.limingdao.com/en/tools/WHEE,,,,,,,,
DeadClickCount,1,0,100,0,0,https://www.limingdao.com/zh/exit?to=https%3A%2F%2Fspace.bilibili.com%2F254463269%2F,,,,,,,,
DeadClickCount,1,0,100,0,0,https://www.limingdao.com/en/exit?to=https%3A%2F%2Fspace.bilibili.com%2F12351332%2F,,,,,,,,
DeadClickCount,1,0,100,0,0,https://www.limingdao.com/en/tools/SaltTiger,,,,,,,,
DeadClickCount,1,0,100,0,0,https://www.limingdao.com/en/guides/ai-learning-path,,,,,,,,
DeadClickCount,2,0,100,0,0,https://www.limingdao.com/zh/tools/Moltbook,,,,,,,,
DeadClickCount,1,0,100,0,0,https://www.limingdao.com/zh/tools/Exa-AI,,,,,,,,
DeadClickCount,1,0,100,0,0,https://www.limingdao.com/zh/accounts/laopao-jianhuo,,,,,,,,
DeadClickCount,1,0,100,0,0,https://www.limingdao.com/zh/exit?to=https%3A%2F%2Fpodcast.adobe.com%2F,,,,,,,,
DeadClickCount,1,0,100,0,0,https://toolify-directory-static.vercel.app/zh,vercel.com,,,,,,,
DeadClickCount,1,0,100,0,0,https://www.limingdao.com/sub-category/AI%E5%86%99%E4%BD%9C,,,,,,,,
DeadClickCount,1,0,100,0,0,https://www.limingdao.com/en/guides/renovation-creators-to-follow,,,,,,,,
DeadClickCount,1,0,100,0,0,https://www.limingdao.com/en/tools/Nmod,,,,,,,,
DeadClickCount,3,0,100,0,0,https://www.limingdao.com/tags/AI%E8%A7%86%E9%A2%91%E5%88%9B%E4%BD%9C,,,,,,,,
DeadClickCount,1,0,100,0,0,https://www.limingdao.com/blog/,,,,,,,,
DeadClickCount,1,0,100,0,0,https://www.limingdao.com/en/tools/MoodGallery-APP,,,,,,,,
DeadClickCount,1,0,100,0,0,https://www.limingdao.com/en/exit?to=https%3A%2F%2Fwww.douyin.com%2Fsearch%2F%25E7%258E%258B%25E5%25BE%25B7%25E9%25A1%25BA,,,,,,,,
DeadClickCount,1,0,100,0,0,https://www.limingdao.com/zh/tools/%E5%B0%8F%E5%8A%9B%E7%9B%98,,,,,,,,
DeadClickCount,2,0,100,0,0,https://www.limingdao.com/sub-category/AI%E5%BC%80%E6%BA%90%E9%A1%B9%E7%9B%AE,,,,,,,,
DeadClickCount,1,0,100,0,0,https://www.limingdao.com/zh/exit?to=https%3A%2F%2Fwww.doudou.fun%2F,,,,,,,,
DeadClickCount,1,0,100,0,0,https://www.limingdao.com/en/tools/OpenRouter-Rankings,,,,,,,,
DeadClickCount,1,0,100,0,0,https://www.limingdao.com/zh/exit?to=https%3A%2F%2Fwww.douyin.com%2Fsearch%2F%25E4%25B8%2589%25E7%25A7%2592-office,,,,,,,,
DeadClickCount,1,0,100,0,0,https://www.limingdao.com/en/tools/%E7%A5%9E%E7%AC%94%E9%A9%AC%E8%89%AF,,,,,,,,
DeadClickCount,1,0,100,0,0,https://www.limingdao.com/en/categories/market-insights,,,,,,,,
DeadClickCount,1,0,100,0,0,https://www.limingdao.com/zh/tools/%E8%BD%BB%E7%AB%B9%E5%8A%9E%E5%85%AC,,,,,,,,
DeadClickCount,1,0,100,0,0,https://www.limingdao.com/zh/tools/%E4%B8%87%E7%9B%B8%E8%90%A5%E9%80%A0,,,,,,,,
DeadClickCount,1,0,100,0,0,https://www.limingdao.com/zh/accounts/huaye-mengyi-huanjiuqian,,,,,,,,
DeadClickCount,1,0,100,0,0,https://www.limingdao.com/zh/exit?to=https%3A%2F%2Fwww.icnpy.com%2F,,,,,,,,
DeadClickCount,1,0,100,0,0,https://www.limingdao.com/zh/tools/%E5%85%8D%E8%B4%B9AI%E8%8B%B1%E8%AF%AD%E9%9B%85%E6%80%9D%E5%8F%A3%E8%AF%AD%E5%88%86%E6%9E%90%E6%9C%BA%E5%99%A8%E4%BA%BA,,,,,,,,
DeadClickCount,1,0,100,0,0,https://www.limingdao.com/zh/accounts/woaijingsai-wang,,,,,,,,
DeadClickCount,1,0,100,0,0,https://www.limingdao.com/zh/accounts/shejishi-ashuang,,,,,,,,
DeadClickCount,1,0,100,0,0,https://www.limingdao.com/zh/exit?to=https%3A%2F%2Fyuewen.cn%2Fchats%2Fnew,,,,,,,,
DeadClickCount,1,0,100,0,0,https://www.limingdao.com/zh/tools/%E7%AC%94%E6%A0%BC%E8%AE%BE%E8%AE%A1,,,,,,,,
DeadClickCount,1,0,100,0,0,https://www.limingdao.com/en/exit?to=https%3A%2F%2Fspace.bilibili.com%2F7458285%2F,,,,,,,,
DeadClickCount,1,0,100,0,0,https://www.limingdao.com/en/exit?to=https%3A%2F%2Fspace.bilibili.com%2F407045223%2F,,,,,,,,
DeadClickCount,1,0,100,0,0,https://www.limingdao.com/en/tools/%E8%AE%AF%E9%A3%9E%E6%98%9F%E7%81%ABAPP,,,,,,,,
DeadClickCount,1,0,100,0,0,https://www.limingdao.com/zh/exit?to=https%3A%2F%2Flzpanx.com%2F,,,,,,,,
DeadClickCount,1,0,100,0,0,https://www.limingdao.com/en/exit?to=https%3A%2F%2Fspace.bilibili.com%2F519872016%2F,,,,,,,,
DeadClickCount,1,0,100,0,0,https://www.limingdao.com/zh/exit?to=https%3A%2F%2Fqzoffice.com%2F,,,,,,,,
DeadClickCount,1,0,100,0,0,https://www.limingdao.com/zh/guides,www.limingdao.com,,,,,,,
DeadClickCount,1,0,100,0,0,https://www.limingdao.com/zh/guides/education-learning-path,,,,,,,,
DeadClickCount,2,0,100,0,0,https://www.limingdao.com/zh/tools/%E7%A7%92%E5%88%9B,,,,,,,,
DeadClickCount,1,0,100,0,0,https://www.limingdao.com/zh/exit?to=https%3A%2F%2Fspace.bilibili.com%2F259768893%2F,,,,,,,,
DeadClickCount,1,0,100,0,0,https://www.limingdao.com/en/exit?to=https%3A%2F%2Fspace.bilibili.com%2F1900783%2F,,,,,,,,
DeadClickCount,1,0,100,0,0,https://www.limingdao.com/zh/exit?to=https%3A%2F%2Fspace.bilibili.com%2F25876945%2F,,,,,,,,
DeadClickCount,1,0,100,0,0,https://www.limingdao.com/zh/tools/%E6%9C%B1%E9%9B%80AI%E6%A3%80%E6%B5%8B,,,,,,,,
DeadClickCount,1,0,100,0,0,https://www.limingdao.com/en/tools/Vozo,,,,,,,,
DeadClickCount,1,0,100,0,0,https://www.limingdao.com/zh/exit?to=https%3A%2F%2Fwww.xaudiopro.com%2Fcn%2F,,,,,,,,
DeadClickCount,1,0,100,0,0,https://www.limingdao.com/zh/tools/LOVO-AI,,,,,,,,
DeadClickCount,1,0,100,0,0,https://www.limingdao.com/en/tools/Adobe-Podcast,,,,,,,,
DeadClickCount,1,0,100,0,0,https://www.limingdao.com/zh/exit?to=https%3A%2F%2Ffryderyk.ai%2F,,,,,,,,
DeadClickCount,1,0,100,0,0,https://www.limingdao.com/zh/tools/Adobe%E5%9C%A8%E7%BA%BF%E5%B7%A5%E5%85%B7,,,,,,,,
DeadClickCount,1,0,100,0,0,https://www.limingdao.com/zh/accounts/chenge-bangong,,,,,,,,
DeadClickCount,1,0,100,0,0,https://www.limingdao.com/zh/accounts/gityuanbao,,,,,,,,
DeadClickCount,1,0,100,0,0,https://www.limingdao.com/zh/tools/Phind,,,,,,,,
DeadClickCount,1,0,100,0,0,https://www.limingdao.com/zh/accounts/xiaojie-ai-funeng,,,,,,,,
DeadClickCount,1,0,100,0,0,https://www.limingdao.com/zh/tools/CHTML,,,,,,,,
DeadClickCount,1,0,100,0,0,https://www.limingdao.com/zh/exit?to=https%3A%2F%2Fwww.aliyun.com%2Fbenefit%2Fscene%2Fcodingplan,,,,,,,,
DeadClickCount,1,0,100,0,0,https://www.limingdao.com/zh/tools/Muset,,,,,,,,
DeadClickCount,1,0,100,0,0,https://www.limingdao.com/zh/exit?to=https%3A%2F%2Fsalttiger.com%2F,,,,,,,,
DeadClickCount,1,0,100,0,0,https://www.limingdao.com/zh/accounts/lishidiaoyanshi,,,,,,,,
DeadClickCount,1,0,100,0,0,https://www.limingdao.com/zh/tools/CopyLeaks,,,,,,,,
DeadClickCount,1,0,100,0,0,https://www.limingdao.com/en/exit?to=https%3A%2F%2Fwww.douyin.com%2Fsearch%2FWPS%25E5%25A4%25A7%25E8%2580%2581%25E6%259D%25BF,,,,,,,,
DeadClickCount,2,0,100,0,0,https://www.limingdao.com/zh/tools/%E7%B4%AB%E4%B8%9C%E5%A4%AA%E5%88%9D-%E5%A4%9A%E6%A8%A1%E6%80%81%E5%A4%A7%E6%A8%A1%E5%9E%8B,,,,,,,,
DeadClickCount,1,0,100,0,0,https://www.limingdao.com/zh/exit?to=https%3A%2F%2Fbigesj.com%2F,,,,,,,,
DeadClickCount,1,0,100,0,0,https://www.limingdao.com/zh/guides/renovation-creators-to-follow,,,,,,,,
DeadClickCount,1,0,100,0,0,https://www.limingdao.com/zh/tools/MiniMax-Audio,,,,,,,,
DeadClickCount,1,0,100,0,0,https://www.limingdao.com/zh/exit?to=https%3A%2F%2Fwww.youtube.com%2F%403blue1brown,,,,,,,,
DeadClickCount,1,0,100,0,0,https://www.limingdao.com/en/exit?to=https%3A%2F%2Fspace.bilibili.com%2F1931267550,,,,,,,,
DeadClickCount,1,0,100,0,0,https://www.limingdao.com/zh/tools/%E7%A0%81%E4%B8%8A%E9%A3%9E-AI%E7%94%9F%E6%88%90%E5%B0%8F%E7%A8%8B%E5%BA%8F,,,,,,,,
DeadClickCount,1,0,100,0,0,https://www.limingdao.com/zh/accounts/sample-creator-1,,,,,,,,
DeadClickCount,1,0,100,0,0,https://www.limingdao.com/en/tools/%E8%BD%BB%E7%AB%B9%E5%8A%9E%E5%85%AC,,,,,,,,
DeadClickCount,1,0,100,0,0,https://www.limingdao.com/zh/tools/%E9%93%B6%E6%B2%B3%E6%98%93%E5%88%9B,,,,,,,,
DeadClickCount,1,0,100,0,0,https://www.limingdao.com/zh/exit?to=https%3A%2F%2Fwww.nmod.net,,,,,,,,
DeadClickCount,1,0,100,0,0,https://www.limingdao.com/zh/exit?to=https%3A%2F%2Fyoumind.com%2Fzh-CN%2Fskills,,,,,,,,
DeadClickCount,1,0,100,0,0,https://www.limingdao.com/zh/exit?to=https%3A%2F%2Fspace.bilibili.com%2F1567748478,,,,,,,,
DeadClickCount,1,0,100,0,0,https://www.limingdao.com/en/tools/MiniMax%E5%BC%80%E6%94%BE%E5%B9%B3%E5%8F%B0,,,,,,,,
DeadClickCount,1,0,100,0,0,https://www.limingdao.com/zh/accounts/wuli-shejijie,,,,,,,,
DeadClickCount,1,0,100,0,0,https://www.limingdao.com/en/exit?to=https%3A%2F%2Fspace.bilibili.com%2F259768893%2F,,,,,,,,
DeadClickCount,1,0,100,0,0,https://www.limingdao.com/zh/exit?to=https%3A%2F%2Fwww.douyin.com%2Fsearch%2F%25E7%258E%25A9%25E8%25BD%2589office,,,,,,,,
DeadClickCount,1,0,100,0,0,https://www.limingdao.com/zh/tools/%E7%A8%BF%E5%AE%9AAI,,,,,,,,
DeadClickCount,1,0,100,0,0,https://www.limingdao.com/en/tools/Video-Ocean,,,,,,,,
DeadClickCount,1,0,100,0,0,https://www.limingdao.com/zh/tools/%E5%8D%8E%E4%B8%BA%E4%BA%91,,,,,,,,
ExcessiveScroll,1,0,100,0,0,https://www.limingdao.com/zh/tools/%E8%BF%99%E4%B8%AA-%E5%BC%80%E6%BA%90Skill%E8%87%AA%E5%8A%A8%E6%8E%92%E7%89%88%E5%8F%91%E9%80%81%E5%88%B0%E5%85%AC%E4%BC%97%E5%8F%B7%E8%8D%89%E7%A8%BF%E4%B8%8D%E8%8A%B1%E4%B8%80%E5%88%86%E9%92%B1,,,,,,,,
ExcessiveScroll,1,0,100,0,0,https://www.limingdao.com/en/exit?to=https%3A%2F%2Fwww.youtube.com%2F%40TwoMinutePapers,,,,,,,,
ExcessiveScroll,9,0,100,0,0,https://www.limingdao.com/zh,,,,,,,,
ExcessiveScroll,1,0,100,0,0,https://www.limingdao.com/en/categories/marketing-seo,,,,,,,,
ExcessiveScroll,1,0,100,0,0,https://www.limingdao.com/zh/tools/%E5%B7%A8%E6%97%A5%E7%A6%84,,,,,,,,
ExcessiveScroll,1,0,100,0,0,https://www.limingdao.com/zh/tools/DeepReel,,,,,,,,
ExcessiveScroll,1,0,100,0,0,https://www.limingdao.com/zh/guides/geo-keyword-content-checklist,www.limingdao.com,,,,,,,
ExcessiveScroll,1,0,100,0,0,https://www.limingdao.com/en/exit?to=https%3A%2F%2Fspace.bilibili.com%2F697174669%2F,,,,,,,,
ExcessiveScroll,1,0,100,0,0,https://www.limingdao.com/zh/categories/marketing-seo,www.limingdao.com,,,,,,,
ExcessiveScroll,1,0,100,0,0,https://www.limingdao.com/zh/accounts/liyongle-laoshi,,,,,,,,
ExcessiveScroll,1,0,100,0,0,https://www.limingdao.com/zh/tools/KDBooks,,,,,,,,
ExcessiveScroll,1,0,100,0,0,https://www.limingdao.com/zh/tools/TechGPT-%E4%B8%9C%E5%8C%97%E5%A4%A7%E5%AD%A6,,,,,,,,
ExcessiveScroll,1,0,100,0,0,https://www.limingdao.com/en/exit?to=https%3A%2F%2Fwww.douyin.com%2Fsearch%2Fspzp_04,,,,,,,,
ExcessiveScroll,1,0,100,0,0,https://www.limingdao.com/zh/tools/%E8%AE%AF%E9%A3%9E%E6%99%BA%E4%BD%9C,,,,,,,,
ExcessiveScroll,1,0,100,0,0,https://www.limingdao.com/zh/guides/senior-content-themes,,,,,,,,
ExcessiveScroll,1,0,100,0,0,https://www.limingdao.com/zh/tools/EasyClaw,,,,,,,,
ExcessiveScroll,1,0,100,0,0,https://www.limingdao.com/zh,www.limingdao.com,,,,,,,
ExcessiveScroll,1,0,100,0,0,https://www.limingdao.com/zh/accounts/nvsheng-sushe-riji,,,,,,,,
ExcessiveScroll,1,0,100,0,0,https://www.limingdao.com/categories/AI%E5%BA%94%E7%94%A8,,,,,,,,
ExcessiveScroll,1,0,100,0,0,https://www.limingdao.com/en/exit?to=https%3A%2F%2Fspace.bilibili.com%2F73842852%2F,,,,,,,,
ExcessiveScroll,1,0,100,0,0,https://www.limingdao.com/zh/tools/%E5%A2%A8%E7%8B%90AI%E5%86%99%E5%B0%8F%E8%AF%B4,,,,,,,,
ExcessiveScroll,1,0,100,0,0,https://www.limingdao.com/zh/tools/%E5%BF%97%E6%84%BF%E7%A9%BA%E9%97%B4,,,,,,,,
ExcessiveScroll,1,0,100,0,0,https://www.limingdao.com/,,,,,,,,
ExcessiveScroll,1,0,100,0,0,https://www.limingdao.com/zh/tools/fliki,,,,,,,,
ExcessiveScroll,1,0,100,0,0,https://www.limingdao.com/zh/exit?to=https%3A%2F%2Fxingyuexiezuo.com%2F,,,,,,,,
ExcessiveScroll,1,0,100,0,0,https://www.limingdao.com/zh/tools/TinyWow,,,,,,,,
ExcessiveScroll,1,0,100,0,0,https://www.limingdao.com/en/tools/%E6%A0%87%E6%8E%A2%E9%95%BFAI%E6%A0%87%E4%B9%A6,,,,,,,,
ExcessiveScroll,1,0,100,0,0,https://www.limingdao.com/zh/tools/Presentations.AI,,,,,,,,
ExcessiveScroll,1,0,100,0,0,https://www.limingdao.com/zh/tools/Wanderboat,,,,,,,,
ExcessiveScroll,1,0,100,0,0,https://www.limingdao.com/zh/tools/AI-%E5%9B%BE%E5%83%8F%E5%A2%9E%E5%BC%BA%E5%B7%A5%E5%85%B7,,,,,,,,
ExcessiveScroll,1,0,100,0,0,https://www.limingdao.com/zh/exit?to=https%3A%2F%2Fwww.moonstatistics.com%2Fhome,,,,,,,,
ExcessiveScroll,1,0,100,0,0,https://www.limingdao.com/zh/tools/Onlook,,,,,,,,
ExcessiveScroll,1,0,100,0,0,https://www.limingdao.com/zh/exit?to=https%3A%2F%2Fmagnific.ai%2F,,,,,,,,
ExcessiveScroll,1,0,100,0,0,https://www.limingdao.com/zh/guides/home-appliances-buying-guide,,,,,,,,
ExcessiveScroll,1,0,100,0,0,https://www.limingdao.com/categories/AI%E5%86%99%E4%BD%9C,,,,,,,,
ExcessiveScroll,1,0,100,0,0,https://www.limingdao.com/zh/exit?to=https%3A%2F%2Flumalabs.ai%2Fdream-machine,,,,,,,,
ExcessiveScroll,1,0,100,0,0,https://www.limingdao.com/zh/tools/WHEE,,,,,,,,
ExcessiveScroll,1,0,100,0,0,https://www.limingdao.com/en/exit?to=https%3A%2F%2Fwww.douyin.com%2Fsearch%2F%25E7%258E%25A9%25E8%25BD%2589office,,,,,,,,
ExcessiveScroll,1,0,100,0,0,https://www.limingdao.com/tags,,,,,,,,
ExcessiveScroll,1,0,100,0,0,https://www.limingdao.com/zh/exit?to=https%3A%2F%2Fopenrouter.ai%2Frankings,,,,,,,,
ExcessiveScroll,1,0,100,0,0,https://www.limingdao.com/zh/tools/MOKI,,,,,,,,
ExcessiveScroll,1,0,100,0,0,https://www.limingdao.com/zh/tools/SaltTiger,,,,,,,,
ExcessiveScroll,1,0,100,0,0,https://www.limingdao.com/zh/exit?to=https%3A%2F%2Fspace.bilibili.com%2F470156882,,,,,,,,
ExcessiveScroll,1,0,100,0,0,https://www.limingdao.com/en/accounts/xiaosheng-bangong,,,,,,,,
ExcessiveScroll,1,0,100,0,0,https://www.limingdao.com/en/tools/%E5%95%86%E6%B1%A4%E6%97%A5%E6%97%A5%E6%96%B0%E5%A4%A7%E6%A8%A1%E5%9E%8B,,,,,,,,
ExcessiveScroll,1,0,100,0,0,https://www.limingdao.com/en/tools/Fish-Audio,,,,,,,,
ExcessiveScroll,1,0,100,0,0,https://www.limingdao.com/zh/exit?to=https%3A%2F%2Fspace.bilibili.com%2F401929486%2F,,,,,,,,
ExcessiveScroll,1,0,100,0,0,https://www.limingdao.com/zh/exit?to=https%3A%2F%2Fwww.picdoc.cn%2F,,,,,,,,
ExcessiveScroll,1,0,100,0,0,https://www.limingdao.com/zh/tools/Cursor,,,,,,,,
ExcessiveScroll,1,0,100,0,0,https://www.limingdao.com/zh/exit?to=https%3A%2F%2Fapp.insta-speak.com%2F,,,,,,,,
ExcessiveScroll,1,0,100,0,0,https://www.limingdao.com/en/tools/kreadoai,,,,,,,,
ExcessiveScroll,1,0,100,0,0,https://www.limingdao.com/tags/AI%E5%86%99%E4%BD%9C%E5%B7%A5%E5%85%B7,,,,,,,,
ExcessiveScroll,1,0,100,0,0,https://www.limingdao.com/en/exit?to=https%3A%2F%2Fspace.bilibili.com%2F19319172%2F,,,,,,,,
ExcessiveScroll,2,0,100,0,0,https://www.limingdao.com/zh/tools/Booltool,,,,,,,,
ExcessiveScroll,1,0,100,0,0,https://www.limingdao.com/zh/accounts/douge-heikeji,,,,,,,,
ExcessiveScroll,2,0,100,0,0,https://www.limingdao.com/tags/AI%E5%9B%BE%E5%83%8F,,,,,,,,
ExcessiveScroll,1,0,100,0,0,https://www.limingdao.com/zh/exit?to=https%3A%2F%2Fwww.vozo.ai%2F,,,,,,,,
ExcessiveScroll,1,0,100,0,0,https://www.limingdao.com/zh/accounts/genji-shizhen-ai,,,,,,,,
ExcessiveScroll,1,0,100,0,0,https://www.limingdao.com/zh/exit?to=https%3A%2F%2Fspace.bilibili.com%2Fxiaolin-coding,,,,,,,,
ExcessiveScroll,1,0,100,0,0,https://www.limingdao.com/zh/guides/geo-generative-engine-optimization,,,,,,,,
ExcessiveScroll,1,0,100,0,0,https://www.limingdao.com/zh/accounts/shuxue-jianmo-boom,,,,,,,,
ExcessiveScroll,1,0,100,0,0,https://www.limingdao.com/zh/tools/Visual-Studio-IntelliCode,,,,,,,,
ExcessiveScroll,1,0,100,0,0,https://www.limingdao.com/24864/,,,,,,,,
ExcessiveScroll,1,0,100,0,0,https://www.limingdao.com/en/exit?to=https%3A%2F%2Fwww.douyin.com%2Fsearch%2F%25E9%2598%25BF%25E6%259C%25A8%25E7%2588%25B7%25E7%2588%25B7,,,,,,,,
ExcessiveScroll,1,0,100,0,0,https://www.limingdao.com/en/tools/Pollo-AI,,,,,,,,
ExcessiveScroll,1,0,100,0,0,https://www.limingdao.com/tags/AI%E5%A4%A7%E6%A8%A1%E5%9E%8B,,,,,,,,
ExcessiveScroll,1,0,100,0,0,https://www.limingdao.com/en/tools/WHEE,,,,,,,,
ExcessiveScroll,1,0,100,0,0,https://www.limingdao.com/zh/exit?to=https%3A%2F%2Fspace.bilibili.com%2F254463269%2F,,,,,,,,
ExcessiveScroll,1,0,100,0,0,https://www.limingdao.com/en/exit?to=https%3A%2F%2Fspace.bilibili.com%2F12351332%2F,,,,,,,,
ExcessiveScroll,1,0,100,0,0,https://www.limingdao.com/en/tools/SaltTiger,,,,,,,,
ExcessiveScroll,1,0,100,0,0,https://www.limingdao.com/en/guides/ai-learning-path,,,,,,,,
ExcessiveScroll,2,0,100,0,0,https://www.limingdao.com/zh/tools/Moltbook,,,,,,,,
ExcessiveScroll,1,0,100,0,0,https://www.limingdao.com/zh/tools/Exa-AI,,,,,,,,
ExcessiveScroll,1,0,100,0,0,https://www.limingdao.com/zh/accounts/laopao-jianhuo,,,,,,,,
ExcessiveScroll,1,0,100,0,0,https://www.limingdao.com/zh/exit?to=https%3A%2F%2Fpodcast.adobe.com%2F,,,,,,,,
ExcessiveScroll,1,0,100,0,0,https://toolify-directory-static.vercel.app/zh,vercel.com,,,,,,,
ExcessiveScroll,1,0,100,0,0,https://www.limingdao.com/sub-category/AI%E5%86%99%E4%BD%9C,,,,,,,,
ExcessiveScroll,1,0,100,0,0,https://www.limingdao.com/en/guides/renovation-creators-to-follow,,,,,,,,
ExcessiveScroll,1,0,100,0,0,https://www.limingdao.com/en/tools/Nmod,,,,,,,,
ExcessiveScroll,3,0,100,0,0,https://www.limingdao.com/tags/AI%E8%A7%86%E9%A2%91%E5%88%9B%E4%BD%9C,,,,,,,,
ExcessiveScroll,1,0,100,0,0,https://www.limingdao.com/blog/,,,,,,,,
ExcessiveScroll,1,0,100,0,0,https://www.limingdao.com/en/tools/MoodGallery-APP,,,,,,,,
ExcessiveScroll,1,0,100,0,0,https://www.limingdao.com/en/exit?to=https%3A%2F%2Fwww.douyin.com%2Fsearch%2F%25E7%258E%258B%25E5%25BE%25B7%25E9%25A1%25BA,,,,,,,,
ExcessiveScroll,1,0,100,0,0,https://www.limingdao.com/zh/tools/%E5%B0%8F%E5%8A%9B%E7%9B%98,,,,,,,,
ExcessiveScroll,2,0,100,0,0,https://www.limingdao.com/sub-category/AI%E5%BC%80%E6%BA%90%E9%A1%B9%E7%9B%AE,,,,,,,,
ExcessiveScroll,1,0,100,0,0,https://www.limingdao.com/zh/exit?to=https%3A%2F%2Fwww.doudou.fun%2F,,,,,,,,
ExcessiveScroll,1,0,100,0,0,https://www.limingdao.com/en/tools/OpenRouter-Rankings,,,,,,,,
ExcessiveScroll,1,0,100,0,0,https://www.limingdao.com/zh/exit?to=https%3A%2F%2Fwww.douyin.com%2Fsearch%2F%25E4%25B8%2589%25E7%25A7%2592-office,,,,,,,,
ExcessiveScroll,1,0,100,0,0,https://www.limingdao.com/en/tools/%E7%A5%9E%E7%AC%94%E9%A9%AC%E8%89%AF,,,,,,,,
ExcessiveScroll,1,0,100,0,0,https://www.limingdao.com/en/categories/market-insights,,,,,,,,
ExcessiveScroll,1,0,100,0,0,https://www.limingdao.com/zh/tools/%E8%BD%BB%E7%AB%B9%E5%8A%9E%E5%85%AC,,,,,,,,
ExcessiveScroll,1,0,100,0,0,https://www.limingdao.com/zh/tools/%E4%B8%87%E7%9B%B8%E8%90%A5%E9%80%A0,,,,,,,,
ExcessiveScroll,1,0,100,0,0,https://www.limingdao.com/zh/accounts/huaye-mengyi-huanjiuqian,,,,,,,,
ExcessiveScroll,1,0,100,0,0,https://www.limingdao.com/zh/exit?to=https%3A%2F%2Fwww.icnpy.com%2F,,,,,,,,
ExcessiveScroll,1,0,100,0,0,https://www.limingdao.com/zh/tools/%E5%85%8D%E8%B4%B9AI%E8%8B%B1%E8%AF%AD%E9%9B%85%E6%80%9D%E5%8F%A3%E8%AF%AD%E5%88%86%E6%9E%90%E6%9C%BA%E5%99%A8%E4%BA%BA,,,,,,,,
ExcessiveScroll,1,0,100,0,0,https://www.limingdao.com/zh/accounts/woaijingsai-wang,,,,,,,,
ExcessiveScroll,1,0,100,0,0,https://www.limingdao.com/zh/accounts/shejishi-ashuang,,,,,,,,
ExcessiveScroll,1,0,100,0,0,https://www.limingdao.com/zh/exit?to=https%3A%2F%2Fyuewen.cn%2Fchats%2Fnew,,,,,,,,
ExcessiveScroll,1,0,100,0,0,https://www.limingdao.com/zh/tools/%E7%AC%94%E6%A0%BC%E8%AE%BE%E8%AE%A1,,,,,,,,
ExcessiveScroll,1,0,100,0,0,https://www.limingdao.com/en/exit?to=https%3A%2F%2Fspace.bilibili.com%2F7458285%2F,,,,,,,,
ExcessiveScroll,1,0,100,0,0,https://www.limingdao.com/en/exit?to=https%3A%2F%2Fspace.bilibili.com%2F407045223%2F,,,,,,,,
ExcessiveScroll,1,0,100,0,0,https://www.limingdao.com/en/tools/%E8%AE%AF%E9%A3%9E%E6%98%9F%E7%81%ABAPP,,,,,,,,
ExcessiveScroll,1,0,100,0,0,https://www.limingdao.com/zh/exit?to=https%3A%2F%2Flzpanx.com%2F,,,,,,,,
ExcessiveScroll,1,0,100,0,0,https://www.limingdao.com/en/exit?to=https%3A%2F%2Fspace.bilibili.com%2F519872016%2F,,,,,,,,
ExcessiveScroll,1,0,100,0,0,https://www.limingdao.com/zh/exit?to=https%3A%2F%2Fqzoffice.com%2F,,,,,,,,
ExcessiveScroll,1,0,100,0,0,https://www.limingdao.com/zh/guides,www.limingdao.com,,,,,,,
ExcessiveScroll,1,0,100,0,0,https://www.limingdao.com/zh/guides/education-learning-path,,,,,,,,
ExcessiveScroll,2,0,100,0,0,https://www.limingdao.com/zh/tools/%E7%A7%92%E5%88%9B,,,,,,,,
ExcessiveScroll,1,0,100,0,0,https://www.limingdao.com/zh/exit?to=https%3A%2F%2Fspace.bilibili.com%2F259768893%2F,,,,,,,,
ExcessiveScroll,1,0,100,0,0,https://www.limingdao.com/en/exit?to=https%3A%2F%2Fspace.bilibili.com%2F1900783%2F,,,,,,,,
ExcessiveScroll,1,0,100,0,0,https://www.limingdao.com/zh/exit?to=https%3A%2F%2Fspace.bilibili.com%2F25876945%2F,,,,,,,,
ExcessiveScroll,1,0,100,0,0,https://www.limingdao.com/zh/tools/%E6%9C%B1%E9%9B%80AI%E6%A3%80%E6%B5%8B,,,,,,,,
ExcessiveScroll,1,0,100,0,0,https://www.limingdao.com/en/tools/Vozo,,,,,,,,
ExcessiveScroll,1,0,100,0,0,https://www.limingdao.com/zh/exit?to=https%3A%2F%2Fwww.xaudiopro.com%2Fcn%2F,,,,,,,,
ExcessiveScroll,1,0,100,0,0,https://www.limingdao.com/zh/tools/LOVO-AI,,,,,,,,
ExcessiveScroll,1,0,100,0,0,https://www.limingdao.com/en/tools/Adobe-Podcast,,,,,,,,
ExcessiveScroll,1,0,100,0,0,https://www.limingdao.com/zh/exit?to=https%3A%2F%2Ffryderyk.ai%2F,,,,,,,,
ExcessiveScroll,1,0,100,0,0,https://www.limingdao.com/zh/tools/Adobe%E5%9C%A8%E7%BA%BF%E5%B7%A5%E5%85%B7,,,,,,,,
ExcessiveScroll,1,0,100,0,0,https://www.limingdao.com/zh/accounts/chenge-bangong,,,,,,,,
ExcessiveScroll,1,0,100,0,0,https://www.limingdao.com/zh/accounts/gityuanbao,,,,,,,,
ExcessiveScroll,1,0,100,0,0,https://www.limingdao.com/zh/tools/Phind,,,,,,,,
ExcessiveScroll,1,0,100,0,0,https://www.limingdao.com/zh/accounts/xiaojie-ai-funeng,,,,,,,,
ExcessiveScroll,1,0,100,0,0,https://www.limingdao.com/zh/tools/CHTML,,,,,,,,
ExcessiveScroll,1,0,100,0,0,https://www.limingdao.com/zh/exit?to=https%3A%2F%2Fwww.aliyun.com%2Fbenefit%2Fscene%2Fcodingplan,,,,,,,,
ExcessiveScroll,1,0,100,0,0,https://www.limingdao.com/zh/tools/Muset,,,,,,,,
ExcessiveScroll,1,0,100,0,0,https://www.limingdao.com/zh/exit?to=https%3A%2F%2Fsalttiger.com%2F,,,,,,,,
ExcessiveScroll,1,0,100,0,0,https://www.limingdao.com/zh/accounts/lishidiaoyanshi,,,,,,,,
ExcessiveScroll,1,0,100,0,0,https://www.limingdao.com/zh/tools/CopyLeaks,,,,,,,,
ExcessiveScroll,1,0,100,0,0,https://www.limingdao.com/en/exit?to=https%3A%2F%2Fwww.douyin.com%2Fsearch%2FWPS%25E5%25A4%25A7%25E8%2580%2581%25E6%259D%25BF,,,,,,,,
ExcessiveScroll,2,0,100,0,0,https://www.limingdao.com/zh/tools/%E7%B4%AB%E4%B8%9C%E5%A4%AA%E5%88%9D-%E5%A4%9A%E6%A8%A1%E6%80%81%E5%A4%A7%E6%A8%A1%E5%9E%8B,,,,,,,,
ExcessiveScroll,1,0,100,0,0,https://www.limingdao.com/zh/exit?to=https%3A%2F%2Fbigesj.com%2F,,,,,,,,
ExcessiveScroll,1,0,100,0,0,https://www.limingdao.com/zh/guides/renovation-creators-to-follow,,,,,,,,
ExcessiveScroll,1,0,100,0,0,https://www.limingdao.com/zh/tools/MiniMax-Audio,,,,,,,,
ExcessiveScroll,1,0,100,0,0,https://www.limingdao.com/zh/exit?to=https%3A%2F%2Fwww.youtube.com%2F%403blue1brown,,,,,,,,
ExcessiveScroll,1,0,100,0,0,https://www.limingdao.com/en/exit?to=https%3A%2F%2Fspace.bilibili.com%2F1931267550,,,,,,,,
ExcessiveScroll,1,0,100,0,0,https://www.limingdao.com/zh/tools/%E7%A0%81%E4%B8%8A%E9%A3%9E-AI%E7%94%9F%E6%88%90%E5%B0%8F%E7%A8%8B%E5%BA%8F,,,,,,,,
ExcessiveScroll,1,0,100,0,0,https://www.limingdao.com/zh/accounts/sample-creator-1,,,,,,,,
ExcessiveScroll,1,0,100,0,0,https://www.limingdao.com/en/tools/%E8%BD%BB%E7%AB%B9%E5%8A%9E%E5%85%AC,,,,,,,,
ExcessiveScroll,1,0,100,0,0,https://www.limingdao.com/zh/tools/%E9%93%B6%E6%B2%B3%E6%98%93%E5%88%9B,,,,,,,,
ExcessiveScroll,1,0,100,0,0,https://www.limingdao.com/zh/exit?to=https%3A%2F%2Fwww.nmod.net,,,,,,,,
ExcessiveScroll,1,0,100,0,0,https://www.limingdao.com/zh/exit?to=https%3A%2F%2Fyoumind.com%2Fzh-CN%2Fskills,,,,,,,,
ExcessiveScroll,1,0,100,0,0,https://www.limingdao.com/zh/exit?to=https%3A%2F%2Fspace.bilibili.com%2F1567748478,,,,,,,,
ExcessiveScroll,1,0,100,0,0,https://www.limingdao.com/en/tools/MiniMax%E5%BC%80%E6%94%BE%E5%B9%B3%E5%8F%B0,,,,,,,,
ExcessiveScroll,1,0,100,0,0,https://www.limingdao.com/zh/accounts/wuli-shejijie,,,,,,,,
ExcessiveScroll,1,0,100,0,0,https://www.limingdao.com/en/exit?to=https%3A%2F%2Fspace.bilibili.com%2F259768893%2F,,,,,,,,
ExcessiveScroll,1,0,100,0,0,https://www.limingdao.com/zh/exit?to=https%3A%2F%2Fwww.douyin.com%2Fsearch%2F%25E7%258E%25A9%25E8%25BD%2589office,,,,,,,,
ExcessiveScroll,1,0,100,0,0,https://www.limingdao.com/zh/tools/%E7%A8%BF%E5%AE%9AAI,,,,,,,,
ExcessiveScroll,1,0,100,0,0,https://www.limingdao.com/en/tools/Video-Ocean,,,,,,,,
ExcessiveScroll,1,0,100,0,0,https://www.limingdao.com/zh/tools/%E5%8D%8E%E4%B8%BA%E4%BA%91,,,,,,,,
RageClickCount,1,0,100,0,0,https://www.limingdao.com/zh/tools/%E8%BF%99%E4%B8%AA-%E5%BC%80%E6%BA%90Skill%E8%87%AA%E5%8A%A8%E6%8E%92%E7%89%88%E5%8F%91%E9%80%81%E5%88%B0%E5%85%AC%E4%BC%97%E5%8F%B7%E8%8D%89%E7%A8%BF%E4%B8%8D%E8%8A%B1%E4%B8%80%E5%88%86%E9%92%B1,,,,,,,,
RageClickCount,1,0,100,0,0,https://www.limingdao.com/en/exit?to=https%3A%2F%2Fwww.youtube.com%2F%40TwoMinutePapers,,,,,,,,
RageClickCount,9,0,100,0,0,https://www.limingdao.com/zh,,,,,,,,
RageClickCount,1,0,100,0,0,https://www.limingdao.com/en/categories/marketing-seo,,,,,,,,
RageClickCount,1,0,100,0,0,https://www.limingdao.com/zh/tools/%E5%B7%A8%E6%97%A5%E7%A6%84,,,,,,,,
RageClickCount,1,0,100,0,0,https://www.limingdao.com/zh/tools/DeepReel,,,,,,,,
RageClickCount,1,0,100,0,0,https://www.limingdao.com/zh/guides/geo-keyword-content-checklist,www.limingdao.com,,,,,,,
RageClickCount,1,0,100,0,0,https://www.limingdao.com/en/exit?to=https%3A%2F%2Fspace.bilibili.com%2F697174669%2F,,,,,,,,
RageClickCount,1,0,100,0,0,https://www.limingdao.com/zh/categories/marketing-seo,www.limingdao.com,,,,,,,
RageClickCount,1,0,100,0,0,https://www.limingdao.com/zh/accounts/liyongle-laoshi,,,,,,,,
RageClickCount,1,0,100,0,0,https://www.limingdao.com/zh/tools/KDBooks,,,,,,,,
RageClickCount,1,0,100,0,0,https://www.limingdao.com/zh/tools/TechGPT-%E4%B8%9C%E5%8C%97%E5%A4%A7%E5%AD%A6,,,,,,,,
RageClickCount,1,0,100,0,0,https://www.limingdao.com/en/exit?to=https%3A%2F%2Fwww.douyin.com%2Fsearch%2Fspzp_04,,,,,,,,
RageClickCount,1,0,100,0,0,https://www.limingdao.com/zh/tools/%E8%AE%AF%E9%A3%9E%E6%99%BA%E4%BD%9C,,,,,,,,
RageClickCount,1,0,100,0,0,https://www.limingdao.com/zh/guides/senior-content-themes,,,,,,,,
RageClickCount,1,0,100,0,0,https://www.limingdao.com/zh/tools/EasyClaw,,,,,,,,
RageClickCount,1,0,100,0,0,https://www.limingdao.com/zh,www.limingdao.com,,,,,,,
RageClickCount,1,0,100,0,0,https://www.limingdao.com/zh/accounts/nvsheng-sushe-riji,,,,,,,,
RageClickCount,1,0,100,0,0,https://www.limingdao.com/categories/AI%E5%BA%94%E7%94%A8,,,,,,,,
RageClickCount,1,0,100,0,0,https://www.limingdao.com/en/exit?to=https%3A%2F%2Fspace.bilibili.com%2F73842852%2F,,,,,,,,
RageClickCount,1,0,100,0,0,https://www.limingdao.com/zh/tools/%E5%A2%A8%E7%8B%90AI%E5%86%99%E5%B0%8F%E8%AF%B4,,,,,,,,
RageClickCount,1,0,100,0,0,https://www.limingdao.com/zh/tools/%E5%BF%97%E6%84%BF%E7%A9%BA%E9%97%B4,,,,,,,,
RageClickCount,1,0,100,0,0,https://www.limingdao.com/,,,,,,,,
RageClickCount,1,0,100,0,0,https://www.limingdao.com/zh/tools/fliki,,,,,,,,
RageClickCount,1,0,100,0,0,https://www.limingdao.com/zh/exit?to=https%3A%2F%2Fxingyuexiezuo.com%2F,,,,,,,,
RageClickCount,1,0,100,0,0,https://www.limingdao.com/zh/tools/TinyWow,,,,,,,,
RageClickCount,1,0,100,0,0,https://www.limingdao.com/en/tools/%E6%A0%87%E6%8E%A2%E9%95%BFAI%E6%A0%87%E4%B9%A6,,,,,,,,
RageClickCount,1,0,100,0,0,https://www.limingdao.com/zh/tools/Presentations.AI,,,,,,,,
RageClickCount,1,0,100,0,0,https://www.limingdao.com/zh/tools/Wanderboat,,,,,,,,
RageClickCount,1,0,100,0,0,https://www.limingdao.com/zh/tools/AI-%E5%9B%BE%E5%83%8F%E5%A2%9E%E5%BC%BA%E5%B7%A5%E5%85%B7,,,,,,,,
RageClickCount,1,0,100,0,0,https://www.limingdao.com/zh/exit?to=https%3A%2F%2Fwww.moonstatistics.com%2Fhome,,,,,,,,
RageClickCount,1,0,100,0,0,https://www.limingdao.com/zh/tools/Onlook,,,,,,,,
RageClickCount,1,0,100,0,0,https://www.limingdao.com/zh/exit?to=https%3A%2F%2Fmagnific.ai%2F,,,,,,,,
RageClickCount,1,0,100,0,0,https://www.limingdao.com/zh/guides/home-appliances-buying-guide,,,,,,,,
RageClickCount,1,0,100,0,0,https://www.limingdao.com/categories/AI%E5%86%99%E4%BD%9C,,,,,,,,
RageClickCount,1,0,100,0,0,https://www.limingdao.com/zh/exit?to=https%3A%2F%2Flumalabs.ai%2Fdream-machine,,,,,,,,
RageClickCount,1,0,100,0,0,https://www.limingdao.com/zh/tools/WHEE,,,,,,,,
RageClickCount,1,0,100,0,0,https://www.limingdao.com/en/exit?to=https%3A%2F%2Fwww.douyin.com%2Fsearch%2F%25E7%258E%25A9%25E8%25BD%2589office,,,,,,,,
RageClickCount,1,0,100,0,0,https://www.limingdao.com/tags,,,,,,,,
RageClickCount,1,0,100,0,0,https://www.limingdao.com/zh/exit?to=https%3A%2F%2Fopenrouter.ai%2Frankings,,,,,,,,
RageClickCount,1,0,100,0,0,https://www.limingdao.com/zh/tools/MOKI,,,,,,,,
RageClickCount,1,0,100,0,0,https://www.limingdao.com/zh/tools/SaltTiger,,,,,,,,
RageClickCount,1,0,100,0,0,https://www.limingdao.com/zh/exit?to=https%3A%2F%2Fspace.bilibili.com%2F470156882,,,,,,,,
RageClickCount,1,0,100,0,0,https://www.limingdao.com/en/accounts/xiaosheng-bangong,,,,,,,,
RageClickCount,1,0,100,0,0,https://www.limingdao.com/en/tools/%E5%95%86%E6%B1%A4%E6%97%A5%E6%97%A5%E6%96%B0%E5%A4%A7%E6%A8%A1%E5%9E%8B,,,,,,,,
RageClickCount,1,0,100,0,0,https://www.limingdao.com/en/tools/Fish-Audio,,,,,,,,
RageClickCount,1,0,100,0,0,https://www.limingdao.com/zh/exit?to=https%3A%2F%2Fspace.bilibili.com%2F401929486%2F,,,,,,,,
RageClickCount,1,0,100,0,0,https://www.limingdao.com/zh/exit?to=https%3A%2F%2Fwww.picdoc.cn%2F,,,,,,,,
RageClickCount,1,0,100,0,0,https://www.limingdao.com/zh/tools/Cursor,,,,,,,,
RageClickCount,1,0,100,0,0,https://www.limingdao.com/zh/exit?to=https%3A%2F%2Fapp.insta-speak.com%2F,,,,,,,,
RageClickCount,1,0,100,0,0,https://www.limingdao.com/en/tools/kreadoai,,,,,,,,
RageClickCount,1,0,100,0,0,https://www.limingdao.com/tags/AI%E5%86%99%E4%BD%9C%E5%B7%A5%E5%85%B7,,,,,,,,
RageClickCount,1,0,100,0,0,https://www.limingdao.com/en/exit?to=https%3A%2F%2Fspace.bilibili.com%2F19319172%2F,,,,,,,,
RageClickCount,2,0,100,0,0,https://www.limingdao.com/zh/tools/Booltool,,,,,,,,
RageClickCount,1,0,100,0,0,https://www.limingdao.com/zh/accounts/douge-heikeji,,,,,,,,
RageClickCount,2,0,100,0,0,https://www.limingdao.com/tags/AI%E5%9B%BE%E5%83%8F,,,,,,,,
RageClickCount,1,0,100,0,0,https://www.limingdao.com/zh/exit?to=https%3A%2F%2Fwww.vozo.ai%2F,,,,,,,,
RageClickCount,1,0,100,0,0,https://www.limingdao.com/zh/accounts/genji-shizhen-ai,,,,,,,,
RageClickCount,1,0,100,0,0,https://www.limingdao.com/zh/exit?to=https%3A%2F%2Fspace.bilibili.com%2Fxiaolin-coding,,,,,,,,
RageClickCount,1,0,100,0,0,https://www.limingdao.com/zh/guides/geo-generative-engine-optimization,,,,,,,,
RageClickCount,1,0,100,0,0,https://www.limingdao.com/zh/accounts/shuxue-jianmo-boom,,,,,,,,
RageClickCount,1,0,100,0,0,https://www.limingdao.com/zh/tools/Visual-Studio-IntelliCode,,,,,,,,
RageClickCount,1,0,100,0,0,https://www.limingdao.com/24864/,,,,,,,,
RageClickCount,1,0,100,0,0,https://www.limingdao.com/en/exit?to=https%3A%2F%2Fwww.douyin.com%2Fsearch%2F%25E9%2598%25BF%25E6%259C%25A8%25E7%2588%25B7%25E7%2588%25B7,,,,,,,,
RageClickCount,1,0,100,0,0,https://www.limingdao.com/en/tools/Pollo-AI,,,,,,,,
RageClickCount,1,0,100,0,0,https://www.limingdao.com/tags/AI%E5%A4%A7%E6%A8%A1%E5%9E%8B,,,,,,,,
RageClickCount,1,0,100,0,0,https://www.limingdao.com/en/tools/WHEE,,,,,,,,
RageClickCount,1,0,100,0,0,https://www.limingdao.com/zh/exit?to=https%3A%2F%2Fspace.bilibili.com%2F254463269%2F,,,,,,,,
RageClickCount,1,0,100,0,0,https://www.limingdao.com/en/exit?to=https%3A%2F%2Fspace.bilibili.com%2F12351332%2F,,,,,,,,
RageClickCount,1,0,100,0,0,https://www.limingdao.com/en/tools/SaltTiger,,,,,,,,
RageClickCount,1,0,100,0,0,https://www.limingdao.com/en/guides/ai-learning-path,,,,,,,,
RageClickCount,2,0,100,0,0,https://www.limingdao.com/zh/tools/Moltbook,,,,,,,,
RageClickCount,1,0,100,0,0,https://www.limingdao.com/zh/tools/Exa-AI,,,,,,,,
RageClickCount,1,0,100,0,0,https://www.limingdao.com/zh/accounts/laopao-jianhuo,,,,,,,,
RageClickCount,1,0,100,0,0,https://www.limingdao.com/zh/exit?to=https%3A%2F%2Fpodcast.adobe.com%2F,,,,,,,,
RageClickCount,1,0,100,0,0,https://toolify-directory-static.vercel.app/zh,vercel.com,,,,,,,
RageClickCount,1,0,100,0,0,https://www.limingdao.com/sub-category/AI%E5%86%99%E4%BD%9C,,,,,,,,
RageClickCount,1,0,100,0,0,https://www.limingdao.com/en/guides/renovation-creators-to-follow,,,,,,,,
RageClickCount,1,0,100,0,0,https://www.limingdao.com/en/tools/Nmod,,,,,,,,
RageClickCount,3,0,100,0,0,https://www.limingdao.com/tags/AI%E8%A7%86%E9%A2%91%E5%88%9B%E4%BD%9C,,,,,,,,
RageClickCount,1,0,100,0,0,https://www.limingdao.com/blog/,,,,,,,,
RageClickCount,1,0,100,0,0,https://www.limingdao.com/en/tools/MoodGallery-APP,,,,,,,,
RageClickCount,1,0,100,0,0,https://www.limingdao.com/en/exit?to=https%3A%2F%2Fwww.douyin.com%2Fsearch%2F%25E7%258E%258B%25E5%25BE%25B7%25E9%25A1%25BA,,,,,,,,
RageClickCount,1,0,100,0,0,https://www.limingdao.com/zh/tools/%E5%B0%8F%E5%8A%9B%E7%9B%98,,,,,,,,
RageClickCount,2,0,100,0,0,https://www.limingdao.com/sub-category/AI%E5%BC%80%E6%BA%90%E9%A1%B9%E7%9B%AE,,,,,,,,
RageClickCount,1,0,100,0,0,https://www.limingdao.com/zh/exit?to=https%3A%2F%2Fwww.doudou.fun%2F,,,,,,,,
RageClickCount,1,0,100,0,0,https://www.limingdao.com/en/tools/OpenRouter-Rankings,,,,,,,,
RageClickCount,1,0,100,0,0,https://www.limingdao.com/zh/exit?to=https%3A%2F%2Fwww.douyin.com%2Fsearch%2F%25E4%25B8%2589%25E7%25A7%2592-office,,,,,,,,
RageClickCount,1,0,100,0,0,https://www.limingdao.com/en/tools/%E7%A5%9E%E7%AC%94%E9%A9%AC%E8%89%AF,,,,,,,,
RageClickCount,1,0,100,0,0,https://www.limingdao.com/en/categories/market-insights,,,,,,,,
RageClickCount,1,0,100,0,0,https://www.limingdao.com/zh/tools/%E8%BD%BB%E7%AB%B9%E5%8A%9E%E5%85%AC,,,,,,,,
RageClickCount,1,0,100,0,0,https://www.limingdao.com/zh/tools/%E4%B8%87%E7%9B%B8%E8%90%A5%E9%80%A0,,,,,,,,
RageClickCount,1,0,100,0,0,https://www.limingdao.com/zh/accounts/huaye-mengyi-huanjiuqian,,,,,,,,
RageClickCount,1,0,100,0,0,https://www.limingdao.com/zh/exit?to=https%3A%2F%2Fwww.icnpy.com%2F,,,,,,,,
RageClickCount,1,0,100,0,0,https://www.limingdao.com/zh/tools/%E5%85%8D%E8%B4%B9AI%E8%8B%B1%E8%AF%AD%E9%9B%85%E6%80%9D%E5%8F%A3%E8%AF%AD%E5%88%86%E6%9E%90%E6%9C%BA%E5%99%A8%E4%BA%BA,,,,,,,,
RageClickCount,1,0,100,0,0,https://www.limingdao.com/zh/accounts/woaijingsai-wang,,,,,,,,
RageClickCount,1,0,100,0,0,https://www.limingdao.com/zh/accounts/shejishi-ashuang,,,,,,,,
RageClickCount,1,0,100,0,0,https://www.limingdao.com/zh/exit?to=https%3A%2F%2Fyuewen.cn%2Fchats%2Fnew,,,,,,,,
RageClickCount,1,0,100,0,0,https://www.limingdao.com/zh/tools/%E7%AC%94%E6%A0%BC%E8%AE%BE%E8%AE%A1,,,,,,,,
RageClickCount,1,0,100,0,0,https://www.limingdao.com/en/exit?to=https%3A%2F%2Fspace.bilibili.com%2F7458285%2F,,,,,,,,
RageClickCount,1,0,100,0,0,https://www.limingdao.com/en/exit?to=https%3A%2F%2Fspace.bilibili.com%2F407045223%2F,,,,,,,,
RageClickCount,1,0,100,0,0,https://www.limingdao.com/en/tools/%E8%AE%AF%E9%A3%9E%E6%98%9F%E7%81%ABAPP,,,,,,,,
RageClickCount,1,0,100,0,0,https://www.limingdao.com/zh/exit?to=https%3A%2F%2Flzpanx.com%2F,,,,,,,,
RageClickCount,1,0,100,0,0,https://www.limingdao.com/en/exit?to=https%3A%2F%2Fspace.bilibili.com%2F519872016%2F,,,,,,,,
RageClickCount,1,0,100,0,0,https://www.limingdao.com/zh/exit?to=https%3A%2F%2Fqzoffice.com%2F,,,,,,,,
RageClickCount,1,0,100,0,0,https://www.limingdao.com/zh/guides,www.limingdao.com,,,,,,,
RageClickCount,1,0,100,0,0,https://www.limingdao.com/zh/guides/education-learning-path,,,,,,,,
RageClickCount,2,0,100,0,0,https://www.limingdao.com/zh/tools/%E7%A7%92%E5%88%9B,,,,,,,,
RageClickCount,1,0,100,0,0,https://www.limingdao.com/zh/exit?to=https%3A%2F%2Fspace.bilibili.com%2F259768893%2F,,,,,,,,
RageClickCount,1,0,100,0,0,https://www.limingdao.com/en/exit?to=https%3A%2F%2Fspace.bilibili.com%2F1900783%2F,,,,,,,,
RageClickCount,1,0,100,0,0,https://www.limingdao.com/zh/exit?to=https%3A%2F%2Fspace.bilibili.com%2F25876945%2F,,,,,,,,
RageClickCount,1,0,100,0,0,https://www.limingdao.com/zh/tools/%E6%9C%B1%E9%9B%80AI%E6%A3%80%E6%B5%8B,,,,,,,,
RageClickCount,1,0,100,0,0,https://www.limingdao.com/en/tools/Vozo,,,,,,,,
RageClickCount,1,0,100,0,0,https://www.limingdao.com/zh/exit?to=https%3A%2F%2Fwww.xaudiopro.com%2Fcn%2F,,,,,,,,
RageClickCount,1,0,100,0,0,https://www.limingdao.com/zh/tools/LOVO-AI,,,,,,,,
RageClickCount,1,0,100,0,0,https://www.limingdao.com/en/tools/Adobe-Podcast,,,,,,,,
RageClickCount,1,0,100,0,0,https://www.limingdao.com/zh/exit?to=https%3A%2F%2Ffryderyk.ai%2F,,,,,,,,
RageClickCount,1,0,100,0,0,https://www.limingdao.com/zh/tools/Adobe%E5%9C%A8%E7%BA%BF%E5%B7%A5%E5%85%B7,,,,,,,,
RageClickCount,1,0,100,0,0,https://www.limingdao.com/zh/accounts/chenge-bangong,,,,,,,,
RageClickCount,1,0,100,0,0,https://www.limingdao.com/zh/accounts/gityuanbao,,,,,,,,
RageClickCount,1,0,100,0,0,https://www.limingdao.com/zh/tools/Phind,,,,,,,,
RageClickCount,1,0,100,0,0,https://www.limingdao.com/zh/accounts/xiaojie-ai-funeng,,,,,,,,
RageClickCount,1,0,100,0,0,https://www.limingdao.com/zh/tools/CHTML,,,,,,,,
RageClickCount,1,0,100,0,0,https://www.limingdao.com/zh/exit?to=https%3A%2F%2Fwww.aliyun.com%2Fbenefit%2Fscene%2Fcodingplan,,,,,,,,
RageClickCount,1,0,100,0,0,https://www.limingdao.com/zh/tools/Muset,,,,,,,,
RageClickCount,1,0,100,0,0,https://www.limingdao.com/zh/exit?to=https%3A%2F%2Fsalttiger.com%2F,,,,,,,,
RageClickCount,1,0,100,0,0,https://www.limingdao.com/zh/accounts/lishidiaoyanshi,,,,,,,,
RageClickCount,1,0,100,0,0,https://www.limingdao.com/zh/tools/CopyLeaks,,,,,,,,
RageClickCount,1,0,100,0,0,https://www.limingdao.com/en/exit?to=https%3A%2F%2Fwww.douyin.com%2Fsearch%2FWPS%25E5%25A4%25A7%25E8%2580%2581%25E6%259D%25BF,,,,,,,,
RageClickCount,2,0,100,0,0,https://www.limingdao.com/zh/tools/%E7%B4%AB%E4%B8%9C%E5%A4%AA%E5%88%9D-%E5%A4%9A%E6%A8%A1%E6%80%81%E5%A4%A7%E6%A8%A1%E5%9E%8B,,,,,,,,
RageClickCount,1,0,100,0,0,https://www.limingdao.com/zh/exit?to=https%3A%2F%2Fbigesj.com%2F,,,,,,,,
RageClickCount,1,0,100,0,0,https://www.limingdao.com/zh/guides/renovation-creators-to-follow,,,,,,,,
RageClickCount,1,0,100,0,0,https://www.limingdao.com/zh/tools/MiniMax-Audio,,,,,,,,
RageClickCount,1,0,100,0,0,https://www.limingdao.com/zh/exit?to=https%3A%2F%2Fwww.youtube.com%2F%403blue1brown,,,,,,,,
RageClickCount,1,0,100,0,0,https://www.limingdao.com/en/exit?to=https%3A%2F%2Fspace.bilibili.com%2F1931267550,,,,,,,,
RageClickCount,1,0,100,0,0,https://www.limingdao.com/zh/tools/%E7%A0%81%E4%B8%8A%E9%A3%9E-AI%E7%94%9F%E6%88%90%E5%B0%8F%E7%A8%8B%E5%BA%8F,,,,,,,,
RageClickCount,1,0,100,0,0,https://www.limingdao.com/zh/accounts/sample-creator-1,,,,,,,,
RageClickCount,1,0,100,0,0,https://www.limingdao.com/en/tools/%E8%BD%BB%E7%AB%B9%E5%8A%9E%E5%85%AC,,,,,,,,
RageClickCount,1,0,100,0,0,https://www.limingdao.com/zh/tools/%E9%93%B6%E6%B2%B3%E6%98%93%E5%88%9B,,,,,,,,
RageClickCount,1,0,100,0,0,https://www.limingdao.com/zh/exit?to=https%3A%2F%2Fwww.nmod.net,,,,,,,,
RageClickCount,1,0,100,0,0,https://www.limingdao.com/zh/exit?to=https%3A%2F%2Fyoumind.com%2Fzh-CN%2Fskills,,,,,,,,
RageClickCount,1,0,100,0,0,https://www.limingdao.com/zh/exit?to=https%3A%2F%2Fspace.bilibili.com%2F1567748478,,,,,,,,
RageClickCount,1,0,100,0,0,https://www.limingdao.com/en/tools/MiniMax%E5%BC%80%E6%94%BE%E5%B9%B3%E5%8F%B0,,,,,,,,
RageClickCount,1,0,100,0,0,https://www.limingdao.com/zh/accounts/wuli-shejijie,,,,,,,,
RageClickCount,1,0,100,0,0,https://www.limingdao.com/en/exit?to=https%3A%2F%2Fspace.bilibili.com%2F259768893%2F,,,,,,,,
RageClickCount,1,0,100,0,0,https://www.limingdao.com/zh/exit?to=https%3A%2F%2Fwww.douyin.com%2Fsearch%2F%25E7%258E%25A9%25E8%25BD%2589office,,,,,,,,
RageClickCount,1,0,100,0,0,https://www.limingdao.com/zh/tools/%E7%A8%BF%E5%AE%9AAI,,,,,,,,
RageClickCount,1,0,100,0,0,https://www.limingdao.com/en/tools/Video-Ocean,,,,,,,,
RageClickCount,1,0,100,0,0,https://www.limingdao.com/zh/tools/%E5%8D%8E%E4%B8%BA%E4%BA%91,,,,,,,,
QuickbackClick,1,0,100,0,0,https://www.limingdao.com/zh/tools/%E8%BF%99%E4%B8%AA-%E5%BC%80%E6%BA%90Skill%E8%87%AA%E5%8A%A8%E6%8E%92%E7%89%88%E5%8F%91%E9%80%81%E5%88%B0%E5%85%AC%E4%BC%97%E5%8F%B7%E8%8D%89%E7%A8%BF%E4%B8%8D%E8%8A%B1%E4%B8%80%E5%88%86%E9%92%B1,,,,,,,,
QuickbackClick,1,0,100,0,0,https://www.limingdao.com/en/exit?to=https%3A%2F%2Fwww.youtube.com%2F%40TwoMinutePapers,,,,,,,,
QuickbackClick,9,11.11,88.89,1,1,https://www.limingdao.com/zh,,,,,,,,
QuickbackClick,1,0,100,0,0,https://www.limingdao.com/en/categories/marketing-seo,,,,,,,,
QuickbackClick,1,0,100,0,0,https://www.limingdao.com/zh/tools/%E5%B7%A8%E6%97%A5%E7%A6%84,,,,,,,,
QuickbackClick,1,0,100,0,0,https://www.limingdao.com/zh/tools/DeepReel,,,,,,,,
QuickbackClick,1,0,100,0,0,https://www.limingdao.com/zh/guides/geo-keyword-content-checklist,www.limingdao.com,,,,,,,
QuickbackClick,1,0,100,0,0,https://www.limingdao.com/en/exit?to=https%3A%2F%2Fspace.bilibili.com%2F697174669%2F,,,,,,,,
QuickbackClick,1,0,100,0,0,https://www.limingdao.com/zh/categories/marketing-seo,www.limingdao.com,,,,,,,
QuickbackClick,1,0,100,0,0,https://www.limingdao.com/zh/accounts/liyongle-laoshi,,,,,,,,
QuickbackClick,1,0,100,0,0,https://www.limingdao.com/zh/tools/KDBooks,,,,,,,,
QuickbackClick,1,0,100,0,0,https://www.limingdao.com/zh/tools/TechGPT-%E4%B8%9C%E5%8C%97%E5%A4%A7%E5%AD%A6,,,,,,,,
QuickbackClick,1,0,100,0,0,https://www.limingdao.com/en/exit?to=https%3A%2F%2Fwww.douyin.com%2Fsearch%2Fspzp_04,,,,,,,,
QuickbackClick,1,0,100,0,0,https://www.limingdao.com/zh/tools/%E8%AE%AF%E9%A3%9E%E6%99%BA%E4%BD%9C,,,,,,,,
QuickbackClick,1,0,100,0,0,https://www.limingdao.com/zh/guides/senior-content-themes,,,,,,,,
QuickbackClick,1,0,100,0,0,https://www.limingdao.com/zh/tools/EasyClaw,,,,,,,,
QuickbackClick,1,0,100,0,0,https://www.limingdao.com/zh,www.limingdao.com,,,,,,,
QuickbackClick,1,0,100,0,0,https://www.limingdao.com/zh/accounts/nvsheng-sushe-riji,,,,,,,,
QuickbackClick,1,0,100,0,0,https://www.limingdao.com/categories/AI%E5%BA%94%E7%94%A8,,,,,,,,
QuickbackClick,1,0,100,0,0,https://www.limingdao.com/en/exit?to=https%3A%2F%2Fspace.bilibili.com%2F73842852%2F,,,,,,,,
QuickbackClick,1,0,100,0,0,https://www.limingdao.com/zh/tools/%E5%A2%A8%E7%8B%90AI%E5%86%99%E5%B0%8F%E8%AF%B4,,,,,,,,
QuickbackClick,1,0,100,0,0,https://www.limingdao.com/zh/tools/%E5%BF%97%E6%84%BF%E7%A9%BA%E9%97%B4,,,,,,,,
QuickbackClick,1,0,100,0,0,https://www.limingdao.com/,,,,,,,,
QuickbackClick,1,0,100,0,0,https://www.limingdao.com/zh/tools/fliki,,,,,,,,
QuickbackClick,1,0,100,0,0,https://www.limingdao.com/zh/exit?to=https%3A%2F%2Fxingyuexiezuo.com%2F,,,,,,,,
QuickbackClick,1,0,100,0,0,https://www.limingdao.com/zh/tools/TinyWow,,,,,,,,
QuickbackClick,1,0,100,0,0,https://www.limingdao.com/en/tools/%E6%A0%87%E6%8E%A2%E9%95%BFAI%E6%A0%87%E4%B9%A6,,,,,,,,
QuickbackClick,1,0,100,0,0,https://www.limingdao.com/zh/tools/Presentations.AI,,,,,,,,
QuickbackClick,1,0,100,0,0,https://www.limingdao.com/zh/tools/Wanderboat,,,,,,,,
QuickbackClick,1,0,100,0,0,https://www.limingdao.com/zh/tools/AI-%E5%9B%BE%E5%83%8F%E5%A2%9E%E5%BC%BA%E5%B7%A5%E5%85%B7,,,,,,,,
QuickbackClick,1,0,100,0,0,https://www.limingdao.com/zh/exit?to=https%3A%2F%2Fwww.moonstatistics.com%2Fhome,,,,,,,,
QuickbackClick,1,0,100,0,0,https://www.limingdao.com/zh/tools/Onlook,,,,,,,,
QuickbackClick,1,0,100,0,0,https://www.limingdao.com/zh/exit?to=https%3A%2F%2Fmagnific.ai%2F,,,,,,,,
QuickbackClick,1,0,100,0,0,https://www.limingdao.com/zh/guides/home-appliances-buying-guide,,,,,,,,
QuickbackClick,1,0,100,0,0,https://www.limingdao.com/categories/AI%E5%86%99%E4%BD%9C,,,,,,,,
QuickbackClick,1,0,100,0,0,https://www.limingdao.com/zh/exit?to=https%3A%2F%2Flumalabs.ai%2Fdream-machine,,,,,,,,
QuickbackClick,1,0,100,0,0,https://www.limingdao.com/zh/tools/WHEE,,,,,,,,
QuickbackClick,1,0,100,0,0,https://www.limingdao.com/en/exit?to=https%3A%2F%2Fwww.douyin.com%2Fsearch%2F%25E7%258E%25A9%25E8%25BD%2589office,,,,,,,,
QuickbackClick,1,0,100,0,0,https://www.limingdao.com/tags,,,,,,,,
QuickbackClick,1,0,100,0,0,https://www.limingdao.com/zh/exit?to=https%3A%2F%2Fopenrouter.ai%2Frankings,,,,,,,,
QuickbackClick,1,0,100,0,0,https://www.limingdao.com/zh/tools/MOKI,,,,,,,,
QuickbackClick,1,0,100,0,0,https://www.limingdao.com/zh/tools/SaltTiger,,,,,,,,
QuickbackClick,1,0,100,0,0,https://www.limingdao.com/zh/exit?to=https%3A%2F%2Fspace.bilibili.com%2F470156882,,,,,,,,
QuickbackClick,1,0,100,0,0,https://www.limingdao.com/en/accounts/xiaosheng-bangong,,,,,,,,
QuickbackClick,1,0,100,0,0,https://www.limingdao.com/en/tools/%E5%95%86%E6%B1%A4%E6%97%A5%E6%97%A5%E6%96%B0%E5%A4%A7%E6%A8%A1%E5%9E%8B,,,,,,,,
QuickbackClick,1,0,100,0,0,https://www.limingdao.com/en/tools/Fish-Audio,,,,,,,,
QuickbackClick,1,0,100,0,0,https://www.limingdao.com/zh/exit?to=https%3A%2F%2Fspace.bilibili.com%2F401929486%2F,,,,,,,,
QuickbackClick,1,0,100,0,0,https://www.limingdao.com/zh/exit?to=https%3A%2F%2Fwww.picdoc.cn%2F,,,,,,,,
QuickbackClick,1,0,100,0,0,https://www.limingdao.com/zh/tools/Cursor,,,,,,,,
QuickbackClick,1,0,100,0,0,https://www.limingdao.com/zh/exit?to=https%3A%2F%2Fapp.insta-speak.com%2F,,,,,,,,
QuickbackClick,1,0,100,0,0,https://www.limingdao.com/en/tools/kreadoai,,,,,,,,
QuickbackClick,1,0,100,0,0,https://www.limingdao.com/tags/AI%E5%86%99%E4%BD%9C%E5%B7%A5%E5%85%B7,,,,,,,,
QuickbackClick,1,0,100,0,0,https://www.limingdao.com/en/exit?to=https%3A%2F%2Fspace.bilibili.com%2F19319172%2F,,,,,,,,
QuickbackClick,2,0,100,0,0,https://www.limingdao.com/zh/tools/Booltool,,,,,,,,
QuickbackClick,1,0,100,0,0,https://www.limingdao.com/zh/accounts/douge-heikeji,,,,,,,,
QuickbackClick,2,0,100,0,0,https://www.limingdao.com/tags/AI%E5%9B%BE%E5%83%8F,,,,,,,,
QuickbackClick,1,0,100,0,0,https://www.limingdao.com/zh/exit?to=https%3A%2F%2Fwww.vozo.ai%2F,,,,,,,,
QuickbackClick,1,0,100,0,0,https://www.limingdao.com/zh/accounts/genji-shizhen-ai,,,,,,,,
QuickbackClick,1,0,100,0,0,https://www.limingdao.com/zh/exit?to=https%3A%2F%2Fspace.bilibili.com%2Fxiaolin-coding,,,,,,,,
QuickbackClick,1,0,100,0,0,https://www.limingdao.com/zh/guides/geo-generative-engine-optimization,,,,,,,,
QuickbackClick,1,0,100,0,0,https://www.limingdao.com/zh/accounts/shuxue-jianmo-boom,,,,,,,,
QuickbackClick,1,0,100,0,0,https://www.limingdao.com/zh/tools/Visual-Studio-IntelliCode,,,,,,,,
QuickbackClick,1,0,100,0,0,https://www.limingdao.com/24864/,,,,,,,,
QuickbackClick,1,0,100,0,0,https://www.limingdao.com/en/exit?to=https%3A%2F%2Fwww.douyin.com%2Fsearch%2F%25E9%2598%25BF%25E6%259C%25A8%25E7%2588%25B7%25E7%2588%25B7,,,,,,,,
QuickbackClick,1,0,100,0,0,https://www.limingdao.com/en/tools/Pollo-AI,,,,,,,,
QuickbackClick,1,0,100,0,0,https://www.limingdao.com/tags/AI%E5%A4%A7%E6%A8%A1%E5%9E%8B,,,,,,,,
QuickbackClick,1,0,100,0,0,https://www.limingdao.com/en/tools/WHEE,,,,,,,,
QuickbackClick,1,0,100,0,0,https://www.limingdao.com/zh/exit?to=https%3A%2F%2Fspace.bilibili.com%2F254463269%2F,,,,,,,,
QuickbackClick,1,0,100,0,0,https://www.limingdao.com/en/exit?to=https%3A%2F%2Fspace.bilibili.com%2F12351332%2F,,,,,,,,
QuickbackClick,1,0,100,0,0,https://www.limingdao.com/en/tools/SaltTiger,,,,,,,,
QuickbackClick,1,0,100,0,0,https://www.limingdao.com/en/guides/ai-learning-path,,,,,,,,
QuickbackClick,2,0,100,0,0,https://www.limingdao.com/zh/tools/Moltbook,,,,,,,,
QuickbackClick,1,0,100,0,0,https://www.limingdao.com/zh/tools/Exa-AI,,,,,,,,
QuickbackClick,1,0,100,0,0,https://www.limingdao.com/zh/accounts/laopao-jianhuo,,,,,,,,
QuickbackClick,1,0,100,0,0,https://www.limingdao.com/zh/exit?to=https%3A%2F%2Fpodcast.adobe.com%2F,,,,,,,,
QuickbackClick,1,0,100,0,0,https://toolify-directory-static.vercel.app/zh,vercel.com,,,,,,,
QuickbackClick,1,0,100,0,0,https://www.limingdao.com/sub-category/AI%E5%86%99%E4%BD%9C,,,,,,,,
QuickbackClick,1,0,100,0,0,https://www.limingdao.com/en/guides/renovation-creators-to-follow,,,,,,,,
QuickbackClick,1,0,100,0,0,https://www.limingdao.com/en/tools/Nmod,,,,,,,,
QuickbackClick,3,0,100,0,0,https://www.limingdao.com/tags/AI%E8%A7%86%E9%A2%91%E5%88%9B%E4%BD%9C,,,,,,,,
QuickbackClick,1,0,100,0,0,https://www.limingdao.com/blog/,,,,,,,,
QuickbackClick,1,0,100,0,0,https://www.limingdao.com/en/tools/MoodGallery-APP,,,,,,,,
QuickbackClick,1,0,100,0,0,https://www.limingdao.com/en/exit?to=https%3A%2F%2Fwww.douyin.com%2Fsearch%2F%25E7%258E%258B%25E5%25BE%25B7%25E9%25A1%25BA,,,,,,,,
QuickbackClick,1,0,100,0,0,https://www.limingdao.com/zh/tools/%E5%B0%8F%E5%8A%9B%E7%9B%98,,,,,,,,
QuickbackClick,2,0,100,0,0,https://www.limingdao.com/sub-category/AI%E5%BC%80%E6%BA%90%E9%A1%B9%E7%9B%AE,,,,,,,,
QuickbackClick,1,0,100,0,0,https://www.limingdao.com/zh/exit?to=https%3A%2F%2Fwww.doudou.fun%2F,,,,,,,,
QuickbackClick,1,0,100,0,0,https://www.limingdao.com/en/tools/OpenRouter-Rankings,,,,,,,,
QuickbackClick,1,0,100,0,0,https://www.limingdao.com/zh/exit?to=https%3A%2F%2Fwww.douyin.com%2Fsearch%2F%25E4%25B8%2589%25E7%25A7%2592-office,,,,,,,,
QuickbackClick,1,0,100,0,0,https://www.limingdao.com/en/tools/%E7%A5%9E%E7%AC%94%E9%A9%AC%E8%89%AF,,,,,,,,
QuickbackClick,1,0,100,0,0,https://www.limingdao.com/en/categories/market-insights,,,,,,,,
QuickbackClick,1,0,100,0,0,https://www.limingdao.com/zh/tools/%E8%BD%BB%E7%AB%B9%E5%8A%9E%E5%85%AC,,,,,,,,
QuickbackClick,1,0,100,0,0,https://www.limingdao.com/zh/tools/%E4%B8%87%E7%9B%B8%E8%90%A5%E9%80%A0,,,,,,,,
QuickbackClick,1,0,100,0,0,https://www.limingdao.com/zh/accounts/huaye-mengyi-huanjiuqian,,,,,,,,
QuickbackClick,1,0,100,0,0,https://www.limingdao.com/zh/exit?to=https%3A%2F%2Fwww.icnpy.com%2F,,,,,,,,
QuickbackClick,1,0,100,0,0,https://www.limingdao.com/zh/tools/%E5%85%8D%E8%B4%B9AI%E8%8B%B1%E8%AF%AD%E9%9B%85%E6%80%9D%E5%8F%A3%E8%AF%AD%E5%88%86%E6%9E%90%E6%9C%BA%E5%99%A8%E4%BA%BA,,,,,,,,
QuickbackClick,1,0,100,0,0,https://www.limingdao.com/zh/accounts/woaijingsai-wang,,,,,,,,
QuickbackClick,1,0,100,0,0,https://www.limingdao.com/zh/accounts/shejishi-ashuang,,,,,,,,
QuickbackClick,1,0,100,0,0,https://www.limingdao.com/zh/exit?to=https%3A%2F%2Fyuewen.cn%2Fchats%2Fnew,,,,,,,,
QuickbackClick,1,0,100,0,0,https://www.limingdao.com/zh/tools/%E7%AC%94%E6%A0%BC%E8%AE%BE%E8%AE%A1,,,,,,,,
QuickbackClick,1,0,100,0,0,https://www.limingdao.com/en/exit?to=https%3A%2F%2Fspace.bilibili.com%2F7458285%2F,,,,,,,,
QuickbackClick,1,0,100,0,0,https://www.limingdao.com/en/exit?to=https%3A%2F%2Fspace.bilibili.com%2F407045223%2F,,,,,,,,
QuickbackClick,1,0,100,0,0,https://www.limingdao.com/en/tools/%E8%AE%AF%E9%A3%9E%E6%98%9F%E7%81%ABAPP,,,,,,,,
QuickbackClick,1,0,100,0,0,https://www.limingdao.com/zh/exit?to=https%3A%2F%2Flzpanx.com%2F,,,,,,,,
QuickbackClick,1,0,100,0,0,https://www.limingdao.com/en/exit?to=https%3A%2F%2Fspace.bilibili.com%2F519872016%2F,,,,,,,,
QuickbackClick,1,0,100,0,0,https://www.limingdao.com/zh/exit?to=https%3A%2F%2Fqzoffice.com%2F,,,,,,,,
QuickbackClick,1,100,0,1,1,https://www.limingdao.com/zh/guides,www.limingdao.com,,,,,,,
QuickbackClick,1,0,100,0,0,https://www.limingdao.com/zh/guides/education-learning-path,,,,,,,,
QuickbackClick,2,0,100,0,0,https://www.limingdao.com/zh/tools/%E7%A7%92%E5%88%9B,,,,,,,,
QuickbackClick,1,0,100,0,0,https://www.limingdao.com/zh/exit?to=https%3A%2F%2Fspace.bilibili.com%2F259768893%2F,,,,,,,,
QuickbackClick,1,0,100,0,0,https://www.limingdao.com/en/exit?to=https%3A%2F%2Fspace.bilibili.com%2F1900783%2F,,,,,,,,
QuickbackClick,1,0,100,0,0,https://www.limingdao.com/zh/exit?to=https%3A%2F%2Fspace.bilibili.com%2F25876945%2F,,,,,,,,
QuickbackClick,1,0,100,0,0,https://www.limingdao.com/zh/tools/%E6%9C%B1%E9%9B%80AI%E6%A3%80%E6%B5%8B,,,,,,,,
QuickbackClick,1,0,100,0,0,https://www.limingdao.com/en/tools/Vozo,,,,,,,,
QuickbackClick,1,0,100,0,0,https://www.limingdao.com/zh/exit?to=https%3A%2F%2Fwww.xaudiopro.com%2Fcn%2F,,,,,,,,
QuickbackClick,1,0,100,0,0,https://www.limingdao.com/zh/tools/LOVO-AI,,,,,,,,
QuickbackClick,1,0,100,0,0,https://www.limingdao.com/en/tools/Adobe-Podcast,,,,,,,,
QuickbackClick,1,0,100,0,0,https://www.limingdao.com/zh/exit?to=https%3A%2F%2Ffryderyk.ai%2F,,,,,,,,
QuickbackClick,1,0,100,0,0,https://www.limingdao.com/zh/tools/Adobe%E5%9C%A8%E7%BA%BF%E5%B7%A5%E5%85%B7,,,,,,,,
QuickbackClick,1,0,100,0,0,https://www.limingdao.com/zh/accounts/chenge-bangong,,,,,,,,
QuickbackClick,1,0,100,0,0,https://www.limingdao.com/zh/accounts/gityuanbao,,,,,,,,
QuickbackClick,1,0,100,0,0,https://www.limingdao.com/zh/tools/Phind,,,,,,,,
QuickbackClick,1,0,100,0,0,https://www.limingdao.com/zh/accounts/xiaojie-ai-funeng,,,,,,,,
QuickbackClick,1,0,100,0,0,https://www.limingdao.com/zh/tools/CHTML,,,,,,,,
QuickbackClick,1,0,100,0,0,https://www.limingdao.com/zh/exit?to=https%3A%2F%2Fwww.aliyun.com%2Fbenefit%2Fscene%2Fcodingplan,,,,,,,,
QuickbackClick,1,0,100,0,0,https://www.limingdao.com/zh/tools/Muset,,,,,,,,
QuickbackClick,1,0,100,0,0,https://www.limingdao.com/zh/exit?to=https%3A%2F%2Fsalttiger.com%2F,,,,,,,,
QuickbackClick,1,0,100,0,0,https://www.limingdao.com/zh/accounts/lishidiaoyanshi,,,,,,,,
QuickbackClick,1,0,100,0,0,https://www.limingdao.com/zh/tools/CopyLeaks,,,,,,,,
QuickbackClick,1,0,100,0,0,https://www.limingdao.com/en/exit?to=https%3A%2F%2Fwww.douyin.com%2Fsearch%2FWPS%25E5%25A4%25A7%25E8%2580%2581%25E6%259D%25BF,,,,,,,,
QuickbackClick,2,0,100,0,0,https://www.limingdao.com/zh/tools/%E7%B4%AB%E4%B8%9C%E5%A4%AA%E5%88%9D-%E5%A4%9A%E6%A8%A1%E6%80%81%E5%A4%A7%E6%A8%A1%E5%9E%8B,,,,,,,,
QuickbackClick,1,0,100,0,0,https://www.limingdao.com/zh/exit?to=https%3A%2F%2Fbigesj.com%2F,,,,,,,,
QuickbackClick,1,0,100,0,0,https://www.limingdao.com/zh/guides/renovation-creators-to-follow,,,,,,,,
QuickbackClick,1,0,100,0,0,https://www.limingdao.com/zh/tools/MiniMax-Audio,,,,,,,,
QuickbackClick,1,0,100,0,0,https://www.limingdao.com/zh/exit?to=https%3A%2F%2Fwww.youtube.com%2F%403blue1brown,,,,,,,,
QuickbackClick,1,0,100,0,0,https://www.limingdao.com/en/exit?to=https%3A%2F%2Fspace.bilibili.com%2F1931267550,,,,,,,,
QuickbackClick,1,0,100,0,0,https://www.limingdao.com/zh/tools/%E7%A0%81%E4%B8%8A%E9%A3%9E-AI%E7%94%9F%E6%88%90%E5%B0%8F%E7%A8%8B%E5%BA%8F,,,,,,,,
QuickbackClick,1,0,100,0,0,https://www.limingdao.com/zh/accounts/sample-creator-1,,,,,,,,
QuickbackClick,1,0,100,0,0,https://www.limingdao.com/en/tools/%E8%BD%BB%E7%AB%B9%E5%8A%9E%E5%85%AC,,,,,,,,
QuickbackClick,1,0,100,0,0,https://www.limingdao.com/zh/tools/%E9%93%B6%E6%B2%B3%E6%98%93%E5%88%9B,,,,,,,,
QuickbackClick,1,0,100,0,0,https://www.limingdao.com/zh/exit?to=https%3A%2F%2Fwww.nmod.net,,,,,,,,
QuickbackClick,1,0,100,0,0,https://www.limingdao.com/zh/exit?to=https%3A%2F%2Fyoumind.com%2Fzh-CN%2Fskills,,,,,,,,
QuickbackClick,1,0,100,0,0,https://www.limingdao.com/zh/exit?to=https%3A%2F%2Fspace.bilibili.com%2F1567748478,,,,,,,,
QuickbackClick,1,0,100,0,0,https://www.limingdao.com/en/tools/MiniMax%E5%BC%80%E6%94%BE%E5%B9%B3%E5%8F%B0,,,,,,,,
QuickbackClick,1,0,100,0,0,https://www.limingdao.com/zh/accounts/wuli-shejijie,,,,,,,,
QuickbackClick,1,0,100,0,0,https://www.limingdao.com/en/exit?to=https%3A%2F%2Fspace.bilibili.com%2F259768893%2F,,,,,,,,
QuickbackClick,1,0,100,0,0,https://www.limingdao.com/zh/exit?to=https%3A%2F%2Fwww.douyin.com%2Fsearch%2F%25E7%258E%25A9%25E8%25BD%2589office,,,,,,,,
QuickbackClick,1,0,100,0,0,https://www.limingdao.com/zh/tools/%E7%A8%BF%E5%AE%9AAI,,,,,,,,
QuickbackClick,1,0,100,0,0,https://www.limingdao.com/en/tools/Video-Ocean,,,,,,,,
QuickbackClick,1,0,100,0,0,https://www.limingdao.com/zh/tools/%E5%8D%8E%E4%B8%BA%E4%BA%91,,,,,,,,
ScriptErrorCount,1,0,100,0,0,https://www.limingdao.com/zh/tools/%E8%BF%99%E4%B8%AA-%E5%BC%80%E6%BA%90Skill%E8%87%AA%E5%8A%A8%E6%8E%92%E7%89%88%E5%8F%91%E9%80%81%E5%88%B0%E5%85%AC%E4%BC%97%E5%8F%B7%E8%8D%89%E7%A8%BF%E4%B8%8D%E8%8A%B1%E4%B8%80%E5%88%86%E9%92%B1,,,,,,,,
ScriptErrorCount,1,0,100,0,0,https://www.limingdao.com/en/exit?to=https%3A%2F%2Fwww.youtube.com%2F%40TwoMinutePapers,,,,,,,,
ScriptErrorCount,9,0,100,0,0,https://www.limingdao.com/zh,,,,,,,,
ScriptErrorCount,1,0,100,0,0,https://www.limingdao.com/en/categories/marketing-seo,,,,,,,,
ScriptErrorCount,1,0,100,0,0,https://www.limingdao.com/zh/tools/%E5%B7%A8%E6%97%A5%E7%A6%84,,,,,,,,
ScriptErrorCount,1,0,100,0,0,https://www.limingdao.com/zh/tools/DeepReel,,,,,,,,
ScriptErrorCount,1,0,100,0,0,https://www.limingdao.com/zh/guides/geo-keyword-content-checklist,www.limingdao.com,,,,,,,
ScriptErrorCount,1,0,100,0,0,https://www.limingdao.com/en/exit?to=https%3A%2F%2Fspace.bilibili.com%2F697174669%2F,,,,,,,,
ScriptErrorCount,1,0,100,0,0,https://www.limingdao.com/zh/categories/marketing-seo,www.limingdao.com,,,,,,,
ScriptErrorCount,1,0,100,0,0,https://www.limingdao.com/zh/accounts/liyongle-laoshi,,,,,,,,
ScriptErrorCount,1,0,100,0,0,https://www.limingdao.com/zh/tools/KDBooks,,,,,,,,
ScriptErrorCount,1,0,100,0,0,https://www.limingdao.com/zh/tools/TechGPT-%E4%B8%9C%E5%8C%97%E5%A4%A7%E5%AD%A6,,,,,,,,
ScriptErrorCount,1,0,100,0,0,https://www.limingdao.com/en/exit?to=https%3A%2F%2Fwww.douyin.com%2Fsearch%2Fspzp_04,,,,,,,,
ScriptErrorCount,1,0,100,0,0,https://www.limingdao.com/zh/tools/%E8%AE%AF%E9%A3%9E%E6%99%BA%E4%BD%9C,,,,,,,,
ScriptErrorCount,1,0,100,0,0,https://www.limingdao.com/zh/guides/senior-content-themes,,,,,,,,
ScriptErrorCount,1,0,100,0,0,https://www.limingdao.com/zh/tools/EasyClaw,,,,,,,,
ScriptErrorCount,1,0,100,0,0,https://www.limingdao.com/zh,www.limingdao.com,,,,,,,
ScriptErrorCount,1,0,100,0,0,https://www.limingdao.com/zh/accounts/nvsheng-sushe-riji,,,,,,,,
ScriptErrorCount,1,0,100,0,0,https://www.limingdao.com/categories/AI%E5%BA%94%E7%94%A8,,,,,,,,
ScriptErrorCount,1,0,100,0,0,https://www.limingdao.com/en/exit?to=https%3A%2F%2Fspace.bilibili.com%2F73842852%2F,,,,,,,,
ScriptErrorCount,1,0,100,0,0,https://www.limingdao.com/zh/tools/%E5%A2%A8%E7%8B%90AI%E5%86%99%E5%B0%8F%E8%AF%B4,,,,,,,,
ScriptErrorCount,1,0,100,0,0,https://www.limingdao.com/zh/tools/%E5%BF%97%E6%84%BF%E7%A9%BA%E9%97%B4,,,,,,,,
ScriptErrorCount,1,0,100,0,0,https://www.limingdao.com/,,,,,,,,
ScriptErrorCount,1,0,100,0,0,https://www.limingdao.com/zh/tools/fliki,,,,,,,,
ScriptErrorCount,1,0,100,0,0,https://www.limingdao.com/zh/exit?to=https%3A%2F%2Fxingyuexiezuo.com%2F,,,,,,,,
ScriptErrorCount,1,0,100,0,0,https://www.limingdao.com/zh/tools/TinyWow,,,,,,,,
ScriptErrorCount,1,0,100,0,0,https://www.limingdao.com/en/tools/%E6%A0%87%E6%8E%A2%E9%95%BFAI%E6%A0%87%E4%B9%A6,,,,,,,,
ScriptErrorCount,1,0,100,0,0,https://www.limingdao.com/zh/tools/Presentations.AI,,,,,,,,
ScriptErrorCount,1,0,100,0,0,https://www.limingdao.com/zh/tools/Wanderboat,,,,,,,,
ScriptErrorCount,1,0,100,0,0,https://www.limingdao.com/zh/tools/AI-%E5%9B%BE%E5%83%8F%E5%A2%9E%E5%BC%BA%E5%B7%A5%E5%85%B7,,,,,,,,
ScriptErrorCount,1,0,100,0,0,https://www.limingdao.com/zh/exit?to=https%3A%2F%2Fwww.moonstatistics.com%2Fhome,,,,,,,,
ScriptErrorCount,1,0,100,0,0,https://www.limingdao.com/zh/tools/Onlook,,,,,,,,
ScriptErrorCount,1,0,100,0,0,https://www.limingdao.com/zh/exit?to=https%3A%2F%2Fmagnific.ai%2F,,,,,,,,
ScriptErrorCount,1,0,100,0,0,https://www.limingdao.com/zh/guides/home-appliances-buying-guide,,,,,,,,
ScriptErrorCount,1,0,100,0,0,https://www.limingdao.com/categories/AI%E5%86%99%E4%BD%9C,,,,,,,,
ScriptErrorCount,1,0,100,0,0,https://www.limingdao.com/zh/exit?to=https%3A%2F%2Flumalabs.ai%2Fdream-machine,,,,,,,,
ScriptErrorCount,1,0,100,0,0,https://www.limingdao.com/zh/tools/WHEE,,,,,,,,
ScriptErrorCount,1,0,100,0,0,https://www.limingdao.com/en/exit?to=https%3A%2F%2Fwww.douyin.com%2Fsearch%2F%25E7%258E%25A9%25E8%25BD%2589office,,,,,,,,
ScriptErrorCount,1,0,100,0,0,https://www.limingdao.com/tags,,,,,,,,
ScriptErrorCount,1,0,100,0,0,https://www.limingdao.com/zh/exit?to=https%3A%2F%2Fopenrouter.ai%2Frankings,,,,,,,,
ScriptErrorCount,1,0,100,0,0,https://www.limingdao.com/zh/tools/MOKI,,,,,,,,
ScriptErrorCount,1,0,100,0,0,https://www.limingdao.com/zh/tools/SaltTiger,,,,,,,,
ScriptErrorCount,1,0,100,0,0,https://www.limingdao.com/zh/exit?to=https%3A%2F%2Fspace.bilibili.com%2F470156882,,,,,,,,
ScriptErrorCount,1,0,100,0,0,https://www.limingdao.com/en/accounts/xiaosheng-bangong,,,,,,,,
ScriptErrorCount,1,0,100,0,0,https://www.limingdao.com/en/tools/%E5%95%86%E6%B1%A4%E6%97%A5%E6%97%A5%E6%96%B0%E5%A4%A7%E6%A8%A1%E5%9E%8B,,,,,,,,
ScriptErrorCount,1,0,100,0,0,https://www.limingdao.com/en/tools/Fish-Audio,,,,,,,,
ScriptErrorCount,1,0,100,0,0,https://www.limingdao.com/zh/exit?to=https%3A%2F%2Fspace.bilibili.com%2F401929486%2F,,,,,,,,
ScriptErrorCount,1,0,100,0,0,https://www.limingdao.com/zh/exit?to=https%3A%2F%2Fwww.picdoc.cn%2F,,,,,,,,
ScriptErrorCount,1,0,100,0,0,https://www.limingdao.com/zh/tools/Cursor,,,,,,,,
ScriptErrorCount,1,0,100,0,0,https://www.limingdao.com/zh/exit?to=https%3A%2F%2Fapp.insta-speak.com%2F,,,,,,,,
ScriptErrorCount,1,0,100,0,0,https://www.limingdao.com/en/tools/kreadoai,,,,,,,,
ScriptErrorCount,1,0,100,0,0,https://www.limingdao.com/tags/AI%E5%86%99%E4%BD%9C%E5%B7%A5%E5%85%B7,,,,,,,,
ScriptErrorCount,1,0,100,0,0,https://www.limingdao.com/en/exit?to=https%3A%2F%2Fspace.bilibili.com%2F19319172%2F,,,,,,,,
ScriptErrorCount,2,0,100,0,0,https://www.limingdao.com/zh/tools/Booltool,,,,,,,,
ScriptErrorCount,1,0,100,0,0,https://www.limingdao.com/zh/accounts/douge-heikeji,,,,,,,,
ScriptErrorCount,2,0,100,0,0,https://www.limingdao.com/tags/AI%E5%9B%BE%E5%83%8F,,,,,,,,
ScriptErrorCount,1,0,100,0,0,https://www.limingdao.com/zh/exit?to=https%3A%2F%2Fwww.vozo.ai%2F,,,,,,,,
ScriptErrorCount,1,0,100,0,0,https://www.limingdao.com/zh/accounts/genji-shizhen-ai,,,,,,,,
ScriptErrorCount,1,0,100,0,0,https://www.limingdao.com/zh/exit?to=https%3A%2F%2Fspace.bilibili.com%2Fxiaolin-coding,,,,,,,,
ScriptErrorCount,1,0,100,0,0,https://www.limingdao.com/zh/guides/geo-generative-engine-optimization,,,,,,,,
ScriptErrorCount,1,0,100,0,0,https://www.limingdao.com/zh/accounts/shuxue-jianmo-boom,,,,,,,,
ScriptErrorCount,1,0,100,0,0,https://www.limingdao.com/zh/tools/Visual-Studio-IntelliCode,,,,,,,,
ScriptErrorCount,1,0,100,0,0,https://www.limingdao.com/24864/,,,,,,,,
ScriptErrorCount,1,0,100,0,0,https://www.limingdao.com/en/exit?to=https%3A%2F%2Fwww.douyin.com%2Fsearch%2F%25E9%2598%25BF%25E6%259C%25A8%25E7%2588%25B7%25E7%2588%25B7,,,,,,,,
ScriptErrorCount,1,0,100,0,0,https://www.limingdao.com/en/tools/Pollo-AI,,,,,,,,
ScriptErrorCount,1,0,100,0,0,https://www.limingdao.com/tags/AI%E5%A4%A7%E6%A8%A1%E5%9E%8B,,,,,,,,
ScriptErrorCount,1,0,100,0,0,https://www.limingdao.com/en/tools/WHEE,,,,,,,,
ScriptErrorCount,1,0,100,0,0,https://www.limingdao.com/zh/exit?to=https%3A%2F%2Fspace.bilibili.com%2F254463269%2F,,,,,,,,
ScriptErrorCount,1,0,100,0,0,https://www.limingdao.com/en/exit?to=https%3A%2F%2Fspace.bilibili.com%2F12351332%2F,,,,,,,,
ScriptErrorCount,1,0,100,0,0,https://www.limingdao.com/en/tools/SaltTiger,,,,,,,,
ScriptErrorCount,1,0,100,0,0,https://www.limingdao.com/en/guides/ai-learning-path,,,,,,,,
ScriptErrorCount,2,0,100,0,0,https://www.limingdao.com/zh/tools/Moltbook,,,,,,,,
ScriptErrorCount,1,0,100,0,0,https://www.limingdao.com/zh/tools/Exa-AI,,,,,,,,
ScriptErrorCount,1,0,100,0,0,https://www.limingdao.com/zh/accounts/laopao-jianhuo,,,,,,,,
ScriptErrorCount,1,0,100,0,0,https://www.limingdao.com/zh/exit?to=https%3A%2F%2Fpodcast.adobe.com%2F,,,,,,,,
ScriptErrorCount,1,0,100,0,0,https://toolify-directory-static.vercel.app/zh,vercel.com,,,,,,,
ScriptErrorCount,1,0,100,0,0,https://www.limingdao.com/sub-category/AI%E5%86%99%E4%BD%9C,,,,,,,,
ScriptErrorCount,1,0,100,0,0,https://www.limingdao.com/en/guides/renovation-creators-to-follow,,,,,,,,
ScriptErrorCount,1,0,100,0,0,https://www.limingdao.com/en/tools/Nmod,,,,,,,,
ScriptErrorCount,3,0,100,0,0,https://www.limingdao.com/tags/AI%E8%A7%86%E9%A2%91%E5%88%9B%E4%BD%9C,,,,,,,,
ScriptErrorCount,1,0,100,0,0,https://www.limingdao.com/blog/,,,,,,,,
ScriptErrorCount,1,0,100,0,0,https://www.limingdao.com/en/tools/MoodGallery-APP,,,,,,,,
ScriptErrorCount,1,0,100,0,0,https://www.limingdao.com/en/exit?to=https%3A%2F%2Fwww.douyin.com%2Fsearch%2F%25E7%258E%258B%25E5%25BE%25B7%25E9%25A1%25BA,,,,,,,,
ScriptErrorCount,1,0,100,0,0,https://www.limingdao.com/zh/tools/%E5%B0%8F%E5%8A%9B%E7%9B%98,,,,,,,,
ScriptErrorCount,2,0,100,0,0,https://www.limingdao.com/sub-category/AI%E5%BC%80%E6%BA%90%E9%A1%B9%E7%9B%AE,,,,,,,,
ScriptErrorCount,1,0,100,0,0,https://www.limingdao.com/zh/exit?to=https%3A%2F%2Fwww.doudou.fun%2F,,,,,,,,
ScriptErrorCount,1,0,100,0,0,https://www.limingdao.com/en/tools/OpenRouter-Rankings,,,,,,,,
ScriptErrorCount,1,0,100,0,0,https://www.limingdao.com/zh/exit?to=https%3A%2F%2Fwww.douyin.com%2Fsearch%2F%25E4%25B8%2589%25E7%25A7%2592-office,,,,,,,,
ScriptErrorCount,1,0,100,0,0,https://www.limingdao.com/en/tools/%E7%A5%9E%E7%AC%94%E9%A9%AC%E8%89%AF,,,,,,,,
ScriptErrorCount,1,0,100,0,0,https://www.limingdao.com/en/categories/market-insights,,,,,,,,
ScriptErrorCount,1,0,100,0,0,https://www.limingdao.com/zh/tools/%E8%BD%BB%E7%AB%B9%E5%8A%9E%E5%85%AC,,,,,,,,
ScriptErrorCount,1,0,100,0,0,https://www.limingdao.com/zh/tools/%E4%B8%87%E7%9B%B8%E8%90%A5%E9%80%A0,,,,,,,,
ScriptErrorCount,1,0,100,0,0,https://www.limingdao.com/zh/accounts/huaye-mengyi-huanjiuqian,,,,,,,,
ScriptErrorCount,1,0,100,0,0,https://www.limingdao.com/zh/exit?to=https%3A%2F%2Fwww.icnpy.com%2F,,,,,,,,
ScriptErrorCount,1,0,100,0,0,https://www.limingdao.com/zh/tools/%E5%85%8D%E8%B4%B9AI%E8%8B%B1%E8%AF%AD%E9%9B%85%E6%80%9D%E5%8F%A3%E8%AF%AD%E5%88%86%E6%9E%90%E6%9C%BA%E5%99%A8%E4%BA%BA,,,,,,,,
ScriptErrorCount,1,0,100,0,0,https://www.limingdao.com/zh/accounts/woaijingsai-wang,,,,,,,,
ScriptErrorCount,1,0,100,0,0,https://www.limingdao.com/zh/accounts/shejishi-ashuang,,,,,,,,
ScriptErrorCount,1,0,100,0,0,https://www.limingdao.com/zh/exit?to=https%3A%2F%2Fyuewen.cn%2Fchats%2Fnew,,,,,,,,
ScriptErrorCount,1,0,100,0,0,https://www.limingdao.com/zh/tools/%E7%AC%94%E6%A0%BC%E8%AE%BE%E8%AE%A1,,,,,,,,
ScriptErrorCount,1,0,100,0,0,https://www.limingdao.com/en/exit?to=https%3A%2F%2Fspace.bilibili.com%2F7458285%2F,,,,,,,,
ScriptErrorCount,1,0,100,0,0,https://www.limingdao.com/en/exit?to=https%3A%2F%2Fspace.bilibili.com%2F407045223%2F,,,,,,,,
ScriptErrorCount,1,0,100,0,0,https://www.limingdao.com/en/tools/%E8%AE%AF%E9%A3%9E%E6%98%9F%E7%81%ABAPP,,,,,,,,
ScriptErrorCount,1,0,100,0,0,https://www.limingdao.com/zh/exit?to=https%3A%2F%2Flzpanx.com%2F,,,,,,,,
ScriptErrorCount,1,0,100,0,0,https://www.limingdao.com/en/exit?to=https%3A%2F%2Fspace.bilibili.com%2F519872016%2F,,,,,,,,
ScriptErrorCount,1,0,100,0,0,https://www.limingdao.com/zh/exit?to=https%3A%2F%2Fqzoffice.com%2F,,,,,,,,
ScriptErrorCount,1,0,100,0,0,https://www.limingdao.com/zh/guides,www.limingdao.com,,,,,,,
ScriptErrorCount,1,0,100,0,0,https://www.limingdao.com/zh/guides/education-learning-path,,,,,,,,
ScriptErrorCount,2,0,100,0,0,https://www.limingdao.com/zh/tools/%E7%A7%92%E5%88%9B,,,,,,,,
ScriptErrorCount,1,0,100,0,0,https://www.limingdao.com/zh/exit?to=https%3A%2F%2Fspace.bilibili.com%2F259768893%2F,,,,,,,,
ScriptErrorCount,1,0,100,0,0,https://www.limingdao.com/en/exit?to=https%3A%2F%2Fspace.bilibili.com%2F1900783%2F,,,,,,,,
ScriptErrorCount,1,0,100,0,0,https://www.limingdao.com/zh/exit?to=https%3A%2F%2Fspace.bilibili.com%2F25876945%2F,,,,,,,,
ScriptErrorCount,1,0,100,0,0,https://www.limingdao.com/zh/tools/%E6%9C%B1%E9%9B%80AI%E6%A3%80%E6%B5%8B,,,,,,,,
ScriptErrorCount,1,0,100,0,0,https://www.limingdao.com/en/tools/Vozo,,,,,,,,
ScriptErrorCount,1,0,100,0,0,https://www.limingdao.com/zh/exit?to=https%3A%2F%2Fwww.xaudiopro.com%2Fcn%2F,,,,,,,,
ScriptErrorCount,1,0,100,0,0,https://www.limingdao.com/zh/tools/LOVO-AI,,,,,,,,
ScriptErrorCount,1,0,100,0,0,https://www.limingdao.com/en/tools/Adobe-Podcast,,,,,,,,
ScriptErrorCount,1,0,100,0,0,https://www.limingdao.com/zh/exit?to=https%3A%2F%2Ffryderyk.ai%2F,,,,,,,,
ScriptErrorCount,1,0,100,0,0,https://www.limingdao.com/zh/tools/Adobe%E5%9C%A8%E7%BA%BF%E5%B7%A5%E5%85%B7,,,,,,,,
ScriptErrorCount,1,0,100,0,0,https://www.limingdao.com/zh/accounts/chenge-bangong,,,,,,,,
ScriptErrorCount,1,0,100,0,0,https://www.limingdao.com/zh/accounts/gityuanbao,,,,,,,,
ScriptErrorCount,1,0,100,0,0,https://www.limingdao.com/zh/tools/Phind,,,,,,,,
ScriptErrorCount,1,0,100,0,0,https://www.limingdao.com/zh/accounts/xiaojie-ai-funeng,,,,,,,,
ScriptErrorCount,1,0,100,0,0,https://www.limingdao.com/zh/tools/CHTML,,,,,,,,
ScriptErrorCount,1,0,100,0,0,https://www.limingdao.com/zh/exit?to=https%3A%2F%2Fwww.aliyun.com%2Fbenefit%2Fscene%2Fcodingplan,,,,,,,,
ScriptErrorCount,1,0,100,0,0,https://www.limingdao.com/zh/tools/Muset,,,,,,,,
ScriptErrorCount,1,0,100,0,0,https://www.limingdao.com/zh/exit?to=https%3A%2F%2Fsalttiger.com%2F,,,,,,,,
ScriptErrorCount,1,0,100,0,0,https://www.limingdao.com/zh/accounts/lishidiaoyanshi,,,,,,,,
ScriptErrorCount,1,0,100,0,0,https://www.limingdao.com/zh/tools/CopyLeaks,,,,,,,,
ScriptErrorCount,1,0,100,0,0,https://www.limingdao.com/en/exit?to=https%3A%2F%2Fwww.douyin.com%2Fsearch%2FWPS%25E5%25A4%25A7%25E8%2580%2581%25E6%259D%25BF,,,,,,,,
ScriptErrorCount,2,0,100,0,0,https://www.limingdao.com/zh/tools/%E7%B4%AB%E4%B8%9C%E5%A4%AA%E5%88%9D-%E5%A4%9A%E6%A8%A1%E6%80%81%E5%A4%A7%E6%A8%A1%E5%9E%8B,,,,,,,,
ScriptErrorCount,1,0,100,0,0,https://www.limingdao.com/zh/exit?to=https%3A%2F%2Fbigesj.com%2F,,,,,,,,
ScriptErrorCount,1,0,100,0,0,https://www.limingdao.com/zh/guides/renovation-creators-to-follow,,,,,,,,
ScriptErrorCount,1,0,100,0,0,https://www.limingdao.com/zh/tools/MiniMax-Audio,,,,,,,,
ScriptErrorCount,1,0,100,0,0,https://www.limingdao.com/zh/exit?to=https%3A%2F%2Fwww.youtube.com%2F%403blue1brown,,,,,,,,
ScriptErrorCount,1,0,100,0,0,https://www.limingdao.com/en/exit?to=https%3A%2F%2Fspace.bilibili.com%2F1931267550,,,,,,,,
ScriptErrorCount,1,0,100,0,0,https://www.limingdao.com/zh/tools/%E7%A0%81%E4%B8%8A%E9%A3%9E-AI%E7%94%9F%E6%88%90%E5%B0%8F%E7%A8%8B%E5%BA%8F,,,,,,,,
ScriptErrorCount,1,0,100,0,0,https://www.limingdao.com/zh/accounts/sample-creator-1,,,,,,,,
ScriptErrorCount,1,0,100,0,0,https://www.limingdao.com/en/tools/%E8%BD%BB%E7%AB%B9%E5%8A%9E%E5%85%AC,,,,,,,,
ScriptErrorCount,1,0,100,0,0,https://www.limingdao.com/zh/tools/%E9%93%B6%E6%B2%B3%E6%98%93%E5%88%9B,,,,,,,,
ScriptErrorCount,1,0,100,0,0,https://www.limingdao.com/zh/exit?to=https%3A%2F%2Fwww.nmod.net,,,,,,,,
ScriptErrorCount,1,0,100,0,0,https://www.limingdao.com/zh/exit?to=https%3A%2F%2Fyoumind.com%2Fzh-CN%2Fskills,,,,,,,,
ScriptErrorCount,1,0,100,0,0,https://www.limingdao.com/zh/exit?to=https%3A%2F%2Fspace.bilibili.com%2F1567748478,,,,,,,,
ScriptErrorCount,1,0,100,0,0,https://www.limingdao.com/en/tools/MiniMax%E5%BC%80%E6%94%BE%E5%B9%B3%E5%8F%B0,,,,,,,,
ScriptErrorCount,1,0,100,0,0,https://www.limingdao.com/zh/accounts/wuli-shejijie,,,,,,,,
ScriptErrorCount,1,0,100,0,0,https://www.limingdao.com/en/exit?to=https%3A%2F%2Fspace.bilibili.com%2F259768893%2F,,,,,,,,
ScriptErrorCount,1,0,100,0,0,https://www.limingdao.com/zh/exit?to=https%3A%2F%2Fwww.douyin.com%2Fsearch%2F%25E7%258E%25A9%25E8%25BD%2589office,,,,,,,,
ScriptErrorCount,1,0,100,0,0,https://www.limingdao.com/zh/tools/%E7%A8%BF%E5%AE%9AAI,,,,,,,,
ScriptErrorCount,1,0,100,0,0,https://www.limingdao.com/en/tools/Video-Ocean,,,,,,,,
ScriptErrorCount,1,0,100,0,0,https://www.limingdao.com/zh/tools/%E5%8D%8E%E4%B8%BA%E4%BA%91,,,,,,,,
ErrorClickCount,1,0,100,0,0,https://www.limingdao.com/zh/tools/%E8%BF%99%E4%B8%AA-%E5%BC%80%E6%BA%90Skill%E8%87%AA%E5%8A%A8%E6%8E%92%E7%89%88%E5%8F%91%E9%80%81%E5%88%B0%E5%85%AC%E4%BC%97%E5%8F%B7%E8%8D%89%E7%A8%BF%E4%B8%8D%E8%8A%B1%E4%B8%80%E5%88%86%E9%92%B1,,,,,,,,
ErrorClickCount,1,0,100,0,0,https://www.limingdao.com/en/exit?to=https%3A%2F%2Fwww.youtube.com%2F%40TwoMinutePapers,,,,,,,,
ErrorClickCount,9,0,100,0,0,https://www.limingdao.com/zh,,,,,,,,
ErrorClickCount,1,0,100,0,0,https://www.limingdao.com/en/categories/marketing-seo,,,,,,,,
ErrorClickCount,1,0,100,0,0,https://www.limingdao.com/zh/tools/%E5%B7%A8%E6%97%A5%E7%A6%84,,,,,,,,
ErrorClickCount,1,0,100,0,0,https://www.limingdao.com/zh/tools/DeepReel,,,,,,,,
ErrorClickCount,1,0,100,0,0,https://www.limingdao.com/zh/guides/geo-keyword-content-checklist,www.limingdao.com,,,,,,,
ErrorClickCount,1,0,100,0,0,https://www.limingdao.com/en/exit?to=https%3A%2F%2Fspace.bilibili.com%2F697174669%2F,,,,,,,,
ErrorClickCount,1,0,100,0,0,https://www.limingdao.com/zh/categories/marketing-seo,www.limingdao.com,,,,,,,
ErrorClickCount,1,0,100,0,0,https://www.limingdao.com/zh/accounts/liyongle-laoshi,,,,,,,,
ErrorClickCount,1,0,100,0,0,https://www.limingdao.com/zh/tools/KDBooks,,,,,,,,
ErrorClickCount,1,0,100,0,0,https://www.limingdao.com/zh/tools/TechGPT-%E4%B8%9C%E5%8C%97%E5%A4%A7%E5%AD%A6,,,,,,,,
ErrorClickCount,1,0,100,0,0,https://www.limingdao.com/en/exit?to=https%3A%2F%2Fwww.douyin.com%2Fsearch%2Fspzp_04,,,,,,,,
ErrorClickCount,1,0,100,0,0,https://www.limingdao.com/zh/tools/%E8%AE%AF%E9%A3%9E%E6%99%BA%E4%BD%9C,,,,,,,,
ErrorClickCount,1,0,100,0,0,https://www.limingdao.com/zh/guides/senior-content-themes,,,,,,,,
ErrorClickCount,1,0,100,0,0,https://www.limingdao.com/zh/tools/EasyClaw,,,,,,,,
ErrorClickCount,1,0,100,0,0,https://www.limingdao.com/zh,www.limingdao.com,,,,,,,
ErrorClickCount,1,0,100,0,0,https://www.limingdao.com/zh/accounts/nvsheng-sushe-riji,,,,,,,,
ErrorClickCount,1,0,100,0,0,https://www.limingdao.com/categories/AI%E5%BA%94%E7%94%A8,,,,,,,,
ErrorClickCount,1,0,100,0,0,https://www.limingdao.com/en/exit?to=https%3A%2F%2Fspace.bilibili.com%2F73842852%2F,,,,,,,,
ErrorClickCount,1,0,100,0,0,https://www.limingdao.com/zh/tools/%E5%A2%A8%E7%8B%90AI%E5%86%99%E5%B0%8F%E8%AF%B4,,,,,,,,
ErrorClickCount,1,0,100,0,0,https://www.limingdao.com/zh/tools/%E5%BF%97%E6%84%BF%E7%A9%BA%E9%97%B4,,,,,,,,
ErrorClickCount,1,0,100,0,0,https://www.limingdao.com/,,,,,,,,
ErrorClickCount,1,0,100,0,0,https://www.limingdao.com/zh/tools/fliki,,,,,,,,
ErrorClickCount,1,0,100,0,0,https://www.limingdao.com/zh/exit?to=https%3A%2F%2Fxingyuexiezuo.com%2F,,,,,,,,
ErrorClickCount,1,0,100,0,0,https://www.limingdao.com/zh/tools/TinyWow,,,,,,,,
ErrorClickCount,1,0,100,0,0,https://www.limingdao.com/en/tools/%E6%A0%87%E6%8E%A2%E9%95%BFAI%E6%A0%87%E4%B9%A6,,,,,,,,
ErrorClickCount,1,0,100,0,0,https://www.limingdao.com/zh/tools/Presentations.AI,,,,,,,,
ErrorClickCount,1,0,100,0,0,https://www.limingdao.com/zh/tools/Wanderboat,,,,,,,,
ErrorClickCount,1,0,100,0,0,https://www.limingdao.com/zh/tools/AI-%E5%9B%BE%E5%83%8F%E5%A2%9E%E5%BC%BA%E5%B7%A5%E5%85%B7,,,,,,,,
ErrorClickCount,1,0,100,0,0,https://www.limingdao.com/zh/exit?to=https%3A%2F%2Fwww.moonstatistics.com%2Fhome,,,,,,,,
ErrorClickCount,1,0,100,0,0,https://www.limingdao.com/zh/tools/Onlook,,,,,,,,
ErrorClickCount,1,0,100,0,0,https://www.limingdao.com/zh/exit?to=https%3A%2F%2Fmagnific.ai%2F,,,,,,,,
ErrorClickCount,1,0,100,0,0,https://www.limingdao.com/zh/guides/home-appliances-buying-guide,,,,,,,,
ErrorClickCount,1,0,100,0,0,https://www.limingdao.com/categories/AI%E5%86%99%E4%BD%9C,,,,,,,,
ErrorClickCount,1,0,100,0,0,https://www.limingdao.com/zh/exit?to=https%3A%2F%2Flumalabs.ai%2Fdream-machine,,,,,,,,
ErrorClickCount,1,0,100,0,0,https://www.limingdao.com/zh/tools/WHEE,,,,,,,,
ErrorClickCount,1,0,100,0,0,https://www.limingdao.com/en/exit?to=https%3A%2F%2Fwww.douyin.com%2Fsearch%2F%25E7%258E%25A9%25E8%25BD%2589office,,,,,,,,
ErrorClickCount,1,0,100,0,0,https://www.limingdao.com/tags,,,,,,,,
ErrorClickCount,1,0,100,0,0,https://www.limingdao.com/zh/exit?to=https%3A%2F%2Fopenrouter.ai%2Frankings,,,,,,,,
ErrorClickCount,1,0,100,0,0,https://www.limingdao.com/zh/tools/MOKI,,,,,,,,
ErrorClickCount,1,0,100,0,0,https://www.limingdao.com/zh/tools/SaltTiger,,,,,,,,
ErrorClickCount,1,0,100,0,0,https://www.limingdao.com/zh/exit?to=https%3A%2F%2Fspace.bilibili.com%2F470156882,,,,,,,,
ErrorClickCount,1,0,100,0,0,https://www.limingdao.com/en/accounts/xiaosheng-bangong,,,,,,,,
ErrorClickCount,1,0,100,0,0,https://www.limingdao.com/en/tools/%E5%95%86%E6%B1%A4%E6%97%A5%E6%97%A5%E6%96%B0%E5%A4%A7%E6%A8%A1%E5%9E%8B,,,,,,,,
ErrorClickCount,1,0,100,0,0,https://www.limingdao.com/en/tools/Fish-Audio,,,,,,,,
ErrorClickCount,1,0,100,0,0,https://www.limingdao.com/zh/exit?to=https%3A%2F%2Fspace.bilibili.com%2F401929486%2F,,,,,,,,
ErrorClickCount,1,0,100,0,0,https://www.limingdao.com/zh/exit?to=https%3A%2F%2Fwww.picdoc.cn%2F,,,,,,,,
ErrorClickCount,1,0,100,0,0,https://www.limingdao.com/zh/tools/Cursor,,,,,,,,
ErrorClickCount,1,0,100,0,0,https://www.limingdao.com/zh/exit?to=https%3A%2F%2Fapp.insta-speak.com%2F,,,,,,,,
ErrorClickCount,1,0,100,0,0,https://www.limingdao.com/en/tools/kreadoai,,,,,,,,
ErrorClickCount,1,0,100,0,0,https://www.limingdao.com/tags/AI%E5%86%99%E4%BD%9C%E5%B7%A5%E5%85%B7,,,,,,,,
ErrorClickCount,1,0,100,0,0,https://www.limingdao.com/en/exit?to=https%3A%2F%2Fspace.bilibili.com%2F19319172%2F,,,,,,,,
ErrorClickCount,2,0,100,0,0,https://www.limingdao.com/zh/tools/Booltool,,,,,,,,
ErrorClickCount,1,0,100,0,0,https://www.limingdao.com/zh/accounts/douge-heikeji,,,,,,,,
ErrorClickCount,2,0,100,0,0,https://www.limingdao.com/tags/AI%E5%9B%BE%E5%83%8F,,,,,,,,
ErrorClickCount,1,0,100,0,0,https://www.limingdao.com/zh/exit?to=https%3A%2F%2Fwww.vozo.ai%2F,,,,,,,,
ErrorClickCount,1,0,100,0,0,https://www.limingdao.com/zh/accounts/genji-shizhen-ai,,,,,,,,
ErrorClickCount,1,0,100,0,0,https://www.limingdao.com/zh/exit?to=https%3A%2F%2Fspace.bilibili.com%2Fxiaolin-coding,,,,,,,,
ErrorClickCount,1,0,100,0,0,https://www.limingdao.com/zh/guides/geo-generative-engine-optimization,,,,,,,,
ErrorClickCount,1,0,100,0,0,https://www.limingdao.com/zh/accounts/shuxue-jianmo-boom,,,,,,,,
ErrorClickCount,1,0,100,0,0,https://www.limingdao.com/zh/tools/Visual-Studio-IntelliCode,,,,,,,,
ErrorClickCount,1,0,100,0,0,https://www.limingdao.com/24864/,,,,,,,,
ErrorClickCount,1,0,100,0,0,https://www.limingdao.com/en/exit?to=https%3A%2F%2Fwww.douyin.com%2Fsearch%2F%25E9%2598%25BF%25E6%259C%25A8%25E7%2588%25B7%25E7%2588%25B7,,,,,,,,
ErrorClickCount,1,0,100,0,0,https://www.limingdao.com/en/tools/Pollo-AI,,,,,,,,
ErrorClickCount,1,0,100,0,0,https://www.limingdao.com/tags/AI%E5%A4%A7%E6%A8%A1%E5%9E%8B,,,,,,,,
ErrorClickCount,1,0,100,0,0,https://www.limingdao.com/en/tools/WHEE,,,,,,,,
ErrorClickCount,1,0,100,0,0,https://www.limingdao.com/zh/exit?to=https%3A%2F%2Fspace.bilibili.com%2F254463269%2F,,,,,,,,
ErrorClickCount,1,0,100,0,0,https://www.limingdao.com/en/exit?to=https%3A%2F%2Fspace.bilibili.com%2F12351332%2F,,,,,,,,
ErrorClickCount,1,0,100,0,0,https://www.limingdao.com/en/tools/SaltTiger,,,,,,,,
ErrorClickCount,1,0,100,0,0,https://www.limingdao.com/en/guides/ai-learning-path,,,,,,,,
ErrorClickCount,2,0,100,0,0,https://www.limingdao.com/zh/tools/Moltbook,,,,,,,,
ErrorClickCount,1,0,100,0,0,https://www.limingdao.com/zh/tools/Exa-AI,,,,,,,,
ErrorClickCount,1,0,100,0,0,https://www.limingdao.com/zh/accounts/laopao-jianhuo,,,,,,,,
ErrorClickCount,1,0,100,0,0,https://www.limingdao.com/zh/exit?to=https%3A%2F%2Fpodcast.adobe.com%2F,,,,,,,,
ErrorClickCount,1,0,100,0,0,https://toolify-directory-static.vercel.app/zh,vercel.com,,,,,,,
ErrorClickCount,1,0,100,0,0,https://www.limingdao.com/sub-category/AI%E5%86%99%E4%BD%9C,,,,,,,,
ErrorClickCount,1,0,100,0,0,https://www.limingdao.com/en/guides/renovation-creators-to-follow,,,,,,,,
ErrorClickCount,1,0,100,0,0,https://www.limingdao.com/en/tools/Nmod,,,,,,,,
ErrorClickCount,3,0,100,0,0,https://www.limingdao.com/tags/AI%E8%A7%86%E9%A2%91%E5%88%9B%E4%BD%9C,,,,,,,,
ErrorClickCount,1,0,100,0,0,https://www.limingdao.com/blog/,,,,,,,,
ErrorClickCount,1,0,100,0,0,https://www.limingdao.com/en/tools/MoodGallery-APP,,,,,,,,
ErrorClickCount,1,0,100,0,0,https://www.limingdao.com/en/exit?to=https%3A%2F%2Fwww.douyin.com%2Fsearch%2F%25E7%258E%258B%25E5%25BE%25B7%25E9%25A1%25BA,,,,,,,,
ErrorClickCount,1,0,100,0,0,https://www.limingdao.com/zh/tools/%E5%B0%8F%E5%8A%9B%E7%9B%98,,,,,,,,
ErrorClickCount,2,0,100,0,0,https://www.limingdao.com/sub-category/AI%E5%BC%80%E6%BA%90%E9%A1%B9%E7%9B%AE,,,,,,,,
ErrorClickCount,1,0,100,0,0,https://www.limingdao.com/zh/exit?to=https%3A%2F%2Fwww.doudou.fun%2F,,,,,,,,
ErrorClickCount,1,0,100,0,0,https://www.limingdao.com/en/tools/OpenRouter-Rankings,,,,,,,,
ErrorClickCount,1,0,100,0,0,https://www.limingdao.com/zh/exit?to=https%3A%2F%2Fwww.douyin.com%2Fsearch%2F%25E4%25B8%2589%25E7%25A7%2592-office,,,,,,,,
ErrorClickCount,1,0,100,0,0,https://www.limingdao.com/en/tools/%E7%A5%9E%E7%AC%94%E9%A9%AC%E8%89%AF,,,,,,,,
ErrorClickCount,1,0,100,0,0,https://www.limingdao.com/en/categories/market-insights,,,,,,,,
ErrorClickCount,1,0,100,0,0,https://www.limingdao.com/zh/tools/%E8%BD%BB%E7%AB%B9%E5%8A%9E%E5%85%AC,,,,,,,,
ErrorClickCount,1,0,100,0,0,https://www.limingdao.com/zh/tools/%E4%B8%87%E7%9B%B8%E8%90%A5%E9%80%A0,,,,,,,,
ErrorClickCount,1,0,100,0,0,https://www.limingdao.com/zh/accounts/huaye-mengyi-huanjiuqian,,,,,,,,
ErrorClickCount,1,0,100,0,0,https://www.limingdao.com/zh/exit?to=https%3A%2F%2Fwww.icnpy.com%2F,,,,,,,,
ErrorClickCount,1,0,100,0,0,https://www.limingdao.com/zh/tools/%E5%85%8D%E8%B4%B9AI%E8%8B%B1%E8%AF%AD%E9%9B%85%E6%80%9D%E5%8F%A3%E8%AF%AD%E5%88%86%E6%9E%90%E6%9C%BA%E5%99%A8%E4%BA%BA,,,,,,,,
ErrorClickCount,1,0,100,0,0,https://www.limingdao.com/zh/accounts/woaijingsai-wang,,,,,,,,
ErrorClickCount,1,0,100,0,0,https://www.limingdao.com/zh/accounts/shejishi-ashuang,,,,,,,,
ErrorClickCount,1,0,100,0,0,https://www.limingdao.com/zh/exit?to=https%3A%2F%2Fyuewen.cn%2Fchats%2Fnew,,,,,,,,
ErrorClickCount,1,0,100,0,0,https://www.limingdao.com/zh/tools/%E7%AC%94%E6%A0%BC%E8%AE%BE%E8%AE%A1,,,,,,,,
ErrorClickCount,1,0,100,0,0,https://www.limingdao.com/en/exit?to=https%3A%2F%2Fspace.bilibili.com%2F7458285%2F,,,,,,,,
ErrorClickCount,1,0,100,0,0,https://www.limingdao.com/en/exit?to=https%3A%2F%2Fspace.bilibili.com%2F407045223%2F,,,,,,,,
ErrorClickCount,1,0,100,0,0,https://www.limingdao.com/en/tools/%E8%AE%AF%E9%A3%9E%E6%98%9F%E7%81%ABAPP,,,,,,,,
ErrorClickCount,1,0,100,0,0,https://www.limingdao.com/zh/exit?to=https%3A%2F%2Flzpanx.com%2F,,,,,,,,
ErrorClickCount,1,0,100,0,0,https://www.limingdao.com/en/exit?to=https%3A%2F%2Fspace.bilibili.com%2F519872016%2F,,,,,,,,
ErrorClickCount,1,0,100,0,0,https://www.limingdao.com/zh/exit?to=https%3A%2F%2Fqzoffice.com%2F,,,,,,,,
ErrorClickCount,1,0,100,0,0,https://www.limingdao.com/zh/guides,www.limingdao.com,,,,,,,
ErrorClickCount,1,0,100,0,0,https://www.limingdao.com/zh/guides/education-learning-path,,,,,,,,
ErrorClickCount,2,0,100,0,0,https://www.limingdao.com/zh/tools/%E7%A7%92%E5%88%9B,,,,,,,,
ErrorClickCount,1,0,100,0,0,https://www.limingdao.com/zh/exit?to=https%3A%2F%2Fspace.bilibili.com%2F259768893%2F,,,,,,,,
ErrorClickCount,1,0,100,0,0,https://www.limingdao.com/en/exit?to=https%3A%2F%2Fspace.bilibili.com%2F1900783%2F,,,,,,,,
ErrorClickCount,1,0,100,0,0,https://www.limingdao.com/zh/exit?to=https%3A%2F%2Fspace.bilibili.com%2F25876945%2F,,,,,,,,
ErrorClickCount,1,0,100,0,0,https://www.limingdao.com/zh/tools/%E6%9C%B1%E9%9B%80AI%E6%A3%80%E6%B5%8B,,,,,,,,
ErrorClickCount,1,0,100,0,0,https://www.limingdao.com/en/tools/Vozo,,,,,,,,
ErrorClickCount,1,0,100,0,0,https://www.limingdao.com/zh/exit?to=https%3A%2F%2Fwww.xaudiopro.com%2Fcn%2F,,,,,,,,
ErrorClickCount,1,0,100,0,0,https://www.limingdao.com/zh/tools/LOVO-AI,,,,,,,,
ErrorClickCount,1,0,100,0,0,https://www.limingdao.com/en/tools/Adobe-Podcast,,,,,,,,
ErrorClickCount,1,0,100,0,0,https://www.limingdao.com/zh/exit?to=https%3A%2F%2Ffryderyk.ai%2F,,,,,,,,
ErrorClickCount,1,0,100,0,0,https://www.limingdao.com/zh/tools/Adobe%E5%9C%A8%E7%BA%BF%E5%B7%A5%E5%85%B7,,,,,,,,
ErrorClickCount,1,0,100,0,0,https://www.limingdao.com/zh/accounts/chenge-bangong,,,,,,,,
ErrorClickCount,1,0,100,0,0,https://www.limingdao.com/zh/accounts/gityuanbao,,,,,,,,
ErrorClickCount,1,0,100,0,0,https://www.limingdao.com/zh/tools/Phind,,,,,,,,
ErrorClickCount,1,0,100,0,0,https://www.limingdao.com/zh/accounts/xiaojie-ai-funeng,,,,,,,,
ErrorClickCount,1,0,100,0,0,https://www.limingdao.com/zh/tools/CHTML,,,,,,,,
ErrorClickCount,1,0,100,0,0,https://www.limingdao.com/zh/exit?to=https%3A%2F%2Fwww.aliyun.com%2Fbenefit%2Fscene%2Fcodingplan,,,,,,,,
ErrorClickCount,1,0,100,0,0,https://www.limingdao.com/zh/tools/Muset,,,,,,,,
ErrorClickCount,1,0,100,0,0,https://www.limingdao.com/zh/exit?to=https%3A%2F%2Fsalttiger.com%2F,,,,,,,,
ErrorClickCount,1,0,100,0,0,https://www.limingdao.com/zh/accounts/lishidiaoyanshi,,,,,,,,
ErrorClickCount,1,0,100,0,0,https://www.limingdao.com/zh/tools/CopyLeaks,,,,,,,,
ErrorClickCount,1,0,100,0,0,https://www.limingdao.com/en/exit?to=https%3A%2F%2Fwww.douyin.com%2Fsearch%2FWPS%25E5%25A4%25A7%25E8%2580%2581%25E6%259D%25BF,,,,,,,,
ErrorClickCount,2,0,100,0,0,https://www.limingdao.com/zh/tools/%E7%B4%AB%E4%B8%9C%E5%A4%AA%E5%88%9D-%E5%A4%9A%E6%A8%A1%E6%80%81%E5%A4%A7%E6%A8%A1%E5%9E%8B,,,,,,,,
ErrorClickCount,1,0,100,0,0,https://www.limingdao.com/zh/exit?to=https%3A%2F%2Fbigesj.com%2F,,,,,,,,
ErrorClickCount,1,0,100,0,0,https://www.limingdao.com/zh/guides/renovation-creators-to-follow,,,,,,,,
ErrorClickCount,1,0,100,0,0,https://www.limingdao.com/zh/tools/MiniMax-Audio,,,,,,,,
ErrorClickCount,1,0,100,0,0,https://www.limingdao.com/zh/exit?to=https%3A%2F%2Fwww.youtube.com%2F%403blue1brown,,,,,,,,
ErrorClickCount,1,0,100,0,0,https://www.limingdao.com/en/exit?to=https%3A%2F%2Fspace.bilibili.com%2F1931267550,,,,,,,,
ErrorClickCount,1,0,100,0,0,https://www.limingdao.com/zh/tools/%E7%A0%81%E4%B8%8A%E9%A3%9E-AI%E7%94%9F%E6%88%90%E5%B0%8F%E7%A8%8B%E5%BA%8F,,,,,,,,
ErrorClickCount,1,0,100,0,0,https://www.limingdao.com/zh/accounts/sample-creator-1,,,,,,,,
ErrorClickCount,1,0,100,0,0,https://www.limingdao.com/en/tools/%E8%BD%BB%E7%AB%B9%E5%8A%9E%E5%85%AC,,,,,,,,
ErrorClickCount,1,0,100,0,0,https://www.limingdao.com/zh/tools/%E9%93%B6%E6%B2%B3%E6%98%93%E5%88%9B,,,,,,,,
ErrorClickCount,1,0,100,0,0,https://www.limingdao.com/zh/exit?to=https%3A%2F%2Fwww.nmod.net,,,,,,,,
ErrorClickCount,1,0,100,0,0,https://www.limingdao.com/zh/exit?to=https%3A%2F%2Fyoumind.com%2Fzh-CN%2Fskills,,,,,,,,
ErrorClickCount,1,0,100,0,0,https://www.limingdao.com/zh/exit?to=https%3A%2F%2Fspace.bilibili.com%2F1567748478,,,,,,,,
ErrorClickCount,1,0,100,0,0,https://www.limingdao.com/en/tools/MiniMax%E5%BC%80%E6%94%BE%E5%B9%B3%E5%8F%B0,,,,,,,,
ErrorClickCount,1,0,100,0,0,https://www.limingdao.com/zh/accounts/wuli-shejijie,,,,,,,,
ErrorClickCount,1,0,100,0,0,https://www.limingdao.com/en/exit?to=https%3A%2F%2Fspace.bilibili.com%2F259768893%2F,,,,,,,,
ErrorClickCount,1,0,100,0,0,https://www.limingdao.com/zh/exit?to=https%3A%2F%2Fwww.douyin.com%2Fsearch%2F%25E7%258E%25A9%25E8%25BD%2589office,,,,,,,,
ErrorClickCount,1,0,100,0,0,https://www.limingdao.com/zh/tools/%E7%A8%BF%E5%AE%9AAI,,,,,,,,
ErrorClickCount,1,0,100,0,0,https://www.limingdao.com/en/tools/Video-Ocean,,,,,,,,
ErrorClickCount,1,0,100,0,0,https://www.limingdao.com/zh/tools/%E5%8D%8E%E4%B8%BA%E4%BA%91,,,,,,,,
ScrollDepth,,,,,,https://www.limingdao.com/zh/exit?to=https%3A%2F%2Flzpanx.com%2F,,100,,,,,,
ScrollDepth,,,,,,https://www.limingdao.com/zh/accounts/genji-shizhen-ai,,21,,,,,,
ScrollDepth,,,,,,https://www.limingdao.com/sub-category/AI%E5%BC%80%E6%BA%90%E9%A1%B9%E7%9B%AE,,100,,,,,,
ScrollDepth,,,,,,https://www.limingdao.com/en/guides/renovation-creators-to-follow,,19,,,,,,
ScrollDepth,,,,,,https://www.limingdao.com/zh/tools/%E5%B7%A8%E6%97%A5%E7%A6%84,,100,,,,,,
ScrollDepth,,,,,,https://www.limingdao.com/zh/accounts/liyongle-laoshi,,100,,,,,,
ScrollDepth,,,,,,https://www.limingdao.com/zh/tools/Onlook,,100,,,,,,
ScrollDepth,,,,,,https://www.limingdao.com/zh/tools/%E7%B4%AB%E4%B8%9C%E5%A4%AA%E5%88%9D-%E5%A4%9A%E6%A8%A1%E6%80%81%E5%A4%A7%E6%A8%A1%E5%9E%8B,,100,,,,,,
ScrollDepth,,,,,,https://www.limingdao.com/en/exit?to=https%3A%2F%2Fspace.bilibili.com%2F1900783%2F,,100,,,,,,
ScrollDepth,,,,,,https://www.limingdao.com/en/tools/MoodGallery-APP,,100,,,,,,
ScrollDepth,,,,,,https://www.limingdao.com/zh/accounts/douge-heikeji,,100,,,,,,
ScrollDepth,,,,,,https://www.limingdao.com/en/tools/WHEE,,100,,,,,,
ScrollDepth,,,,,,https://www.limingdao.com/zh/tools/%E8%AE%AF%E9%A3%9E%E6%99%BA%E4%BD%9C,,100,,,,,,
ScrollDepth,,,,,,https://www.limingdao.com/zh/accounts/huaye-mengyi-huanjiuqian,,75,,,,,,
ScrollDepth,,,,,,https://www.limingdao.com/zh/tools/%E7%A8%BF%E5%AE%9AAI,,100,,,,,,
ScrollDepth,,,,,,https://www.limingdao.com/en/exit?to=https%3A%2F%2Fwww.douyin.com%2Fsearch%2F%25E7%258E%25A9%25E8%25BD%2589office,,100,,,,,,
ScrollDepth,,,,,,https://www.limingdao.com/zh/accounts/nvsheng-sushe-riji,,38,,,,,,
ScrollDepth,,,,,,https://www.limingdao.com/zh,,2.25,,,,,,
ScrollDepth,,,,,,https://www.limingdao.com/en/categories/marketing-seo,,100,,,,,,
ScrollDepth,,,,,,https://www.limingdao.com/en/exit?to=https%3A%2F%2Fspace.bilibili.com%2F259768893%2F,,87,,,,,,
ScrollDepth,,,,,,https://www.limingdao.com/zh/exit?to=https%3A%2F%2Fwww.icnpy.com%2F,,87,,,,,,
ScrollDepth,,,,,,https://www.limingdao.com/zh/exit?to=https%3A%2F%2Fsalttiger.com%2F,,100,,,,,,
ScrollDepth,,,,,,https://www.limingdao.com/zh/tools/CopyLeaks,,100,,,,,,
ScrollDepth,,,,,,https://www.limingdao.com/en/exit?to=https%3A%2F%2Fspace.bilibili.com%2F519872016%2F,,87,,,,,,
ScrollDepth,,,,,,https://www.limingdao.com/zh/exit?to=https%3A%2F%2Fwww.douyin.com%2Fsearch%2F%25E7%258E%25A9%25E8%25BD%2589office,,100,,,,,,
ScrollDepth,,,,,,https://www.limingdao.com/zh/tools/%E8%BD%BB%E7%AB%B9%E5%8A%9E%E5%85%AC,,100,,,,,,
ScrollDepth,,,,,,https://www.limingdao.com/zh/exit?to=https%3A%2F%2Fopenrouter.ai%2Frankings,,87,,,,,,
ScrollDepth,,,,,,https://www.limingdao.com/en/exit?to=https%3A%2F%2Fspace.bilibili.com%2F1931267550,,100,,,,,,
ScrollDepth,,,,,,https://www.limingdao.com/tags,,100,,,,,,
ScrollDepth,,,,,,https://www.limingdao.com/zh/accounts/lishidiaoyanshi,,46,,,,,,
ScrollDepth,,,,,,https://www.limingdao.com/zh/guides/education-learning-path,,22,,,,,,
ScrollDepth,,,,,,https://www.limingdao.com/zh/guides/geo-keyword-content-checklist,www.limingdao.com,100,,,,,,
ScrollDepth,,,,,,https://www.limingdao.com/categories/AI%E5%BA%94%E7%94%A8,,100,,,,,,
ScrollDepth,,,,,,https://www.limingdao.com/en/exit?to=https%3A%2F%2Fspace.bilibili.com%2F7458285%2F,,87,,,,,,
ScrollDepth,,,,,,https://www.limingdao.com/categories/AI%E5%86%99%E4%BD%9C,,100,,,,,,
ScrollDepth,,,,,,https://www.limingdao.com/zh/exit?to=https%3A%2F%2Fspace.bilibili.com%2F1567748478,,87,,,,,,
ScrollDepth,,,,,,https://www.limingdao.com/zh/guides/home-appliances-buying-guide,,20,,,,,,
ScrollDepth,,,,,,https://www.limingdao.com/en/exit?to=https%3A%2F%2Fwww.douyin.com%2Fsearch%2F%25E9%2598%25BF%25E6%259C%25A8%25E7%2588%25B7%25E7%2588%25B7,,87,,,,,,
ScrollDepth,,,,,,https://www.limingdao.com/zh/tools/%E8%BF%99%E4%B8%AA-%E5%BC%80%E6%BA%90Skill%E8%87%AA%E5%8A%A8%E6%8E%92%E7%89%88%E5%8F%91%E9%80%81%E5%88%B0%E5%85%AC%E4%BC%97%E5%8F%B7%E8%8D%89%E7%A8%BF%E4%B8%8D%E8%8A%B1%E4%B8%80%E5%88%86%E9%92%B1,,100,,,,,,
ScrollDepth,,,,,,https://www.limingdao.com/en/accounts/xiaosheng-bangong,,40,,,,,,
ScrollDepth,,,,,,https://www.limingdao.com/zh/accounts/shejishi-ashuang,,34,,,,,,
ScrollDepth,,,,,,https://www.limingdao.com/zh/exit?to=https%3A%2F%2Ffryderyk.ai%2F,,100,,,,,,
ScrollDepth,,,,,,https://www.limingdao.com/zh/exit?to=https%3A%2F%2Fwww.xaudiopro.com%2Fcn%2F,,87,,,,,,
ScrollDepth,,,,,,https://www.limingdao.com/zh/exit?to=https%3A%2F%2Fspace.bilibili.com%2F259768893%2F,,100,,,,,,
ScrollDepth,,,,,,https://www.limingdao.com/zh/exit?to=https%3A%2F%2Fwww.douyin.com%2Fsearch%2F%25E4%25B8%2589%25E7%25A7%2592-office,,87,,,,,,
ScrollDepth,,,,,,https://www.limingdao.com/zh/exit?to=https%3A%2F%2Fspace.bilibili.com%2F254463269%2F,,87,,,,,,
ScrollDepth,,,,,,https://www.limingdao.com/en/tools/%E8%BD%BB%E7%AB%B9%E5%8A%9E%E5%85%AC,,100,,,,,,
ScrollDepth,,,,,,https://www.limingdao.com/en/exit?to=https%3A%2F%2Fspace.bilibili.com%2F12351332%2F,,87,,,,,,
ScrollDepth,,,,,,https://www.limingdao.com/en/tools/Adobe-Podcast,,100,,,,,,
ScrollDepth,,,,,,https://www.limingdao.com/en/exit?to=https%3A%2F%2Fspace.bilibili.com%2F407045223%2F,,87,,,,,,
ScrollDepth,,,,,,https://www.limingdao.com/en/tools/Nmod,,100,,,,,,
ScrollDepth,,,,,,https://www.limingdao.com/zh/tools/MOKI,,100,,,,,,
ScrollDepth,,,,,,https://www.limingdao.com/zh/exit?to=https%3A%2F%2Fwww.picdoc.cn%2F,,87,,,,,,
ScrollDepth,,,,,,https://www.limingdao.com/zh/guides,www.limingdao.com,72,,,,,,
ScrollDepth,,,,,,https://www.limingdao.com/en/tools/%E8%AE%AF%E9%A3%9E%E6%98%9F%E7%81%ABAPP,,100,,,,,,
ScrollDepth,,,,,,https://www.limingdao.com/zh/tools/TinyWow,,100,,,,,,
ScrollDepth,,,,,,https://www.limingdao.com/zh/tools/%E4%B8%87%E7%9B%B8%E8%90%A5%E9%80%A0,,100,,,,,,
ScrollDepth,,,,,,https://www.limingdao.com/zh/exit?to=https%3A%2F%2Fwww.aliyun.com%2Fbenefit%2Fscene%2Fcodingplan,,87,,,,,,
ScrollDepth,,,,,,https://www.limingdao.com/tags/AI%E5%86%99%E4%BD%9C%E5%B7%A5%E5%85%B7,,100,,,,,,
ScrollDepth,,,,,,https://www.limingdao.com/sub-category/AI%E5%86%99%E4%BD%9C,,100,,,,,,
ScrollDepth,,,,,,https://www.limingdao.com/zh/tools/Presentations.AI,,100,,,,,,
ScrollDepth,,,,,,https://www.limingdao.com/zh/exit?to=https%3A%2F%2Fwww.doudou.fun%2F,,87,,,,,,
ScrollDepth,,,,,,https://www.limingdao.com/zh/tools/Moltbook,,100,,,,,,
ScrollDepth,,,,,,https://www.limingdao.com/en/exit?to=https%3A%2F%2Fspace.bilibili.com%2F697174669%2F,,100,,,,,,
ScrollDepth,,,,,,https://www.limingdao.com/en/tools/%E7%A5%9E%E7%AC%94%E9%A9%AC%E8%89%AF,,100,,,,,,
ScrollDepth,,,,,,https://www.limingdao.com/zh/tools/MiniMax-Audio,,100,,,,,,
ScrollDepth,,,,,,https://www.limingdao.com/zh/exit?to=https%3A%2F%2Fwww.nmod.net,,100,,,,,,
ScrollDepth,,,,,,https://www.limingdao.com/zh/tools/Adobe%E5%9C%A8%E7%BA%BF%E5%B7%A5%E5%85%B7,,100,,,,,,
ScrollDepth,,,,,,https://www.limingdao.com/zh/exit?to=https%3A%2F%2Fxingyuexiezuo.com%2F,,87,,,,,,
ScrollDepth,,,,,,https://www.limingdao.com/en/exit?to=https%3A%2F%2Fwww.douyin.com%2Fsearch%2Fspzp_04,,100,,,,,,
ScrollDepth,,,,,,https://www.limingdao.com/zh/tools/%E5%BF%97%E6%84%BF%E7%A9%BA%E9%97%B4,,100,,,,,,
ScrollDepth,,,,,,https://www.limingdao.com/zh/exit?to=https%3A%2F%2Fapp.insta-speak.com%2F,,100,,,,,,
ScrollDepth,,,,,,https://www.limingdao.com/en/tools/Fish-Audio,,100,,,,,,
ScrollDepth,,,,,,https://www.limingdao.com/en/tools/MiniMax%E5%BC%80%E6%94%BE%E5%B9%B3%E5%8F%B0,,100,,,,,,
ScrollDepth,,,,,,https://www.limingdao.com/en/exit?to=https%3A%2F%2Fwww.douyin.com%2Fsearch%2FWPS%25E5%25A4%25A7%25E8%2580%2581%25E6%259D%25BF,,100,,,,,,
ScrollDepth,,,,,,https://www.limingdao.com/zh/exit?to=https%3A%2F%2Fbigesj.com%2F,,87,,,,,,
ScrollDepth,,,,,,https://www.limingdao.com/zh/tools/CHTML,,100,,,,,,
ScrollDepth,,,,,,https://www.limingdao.com/zh/guides/renovation-creators-to-follow,,15,,,,,,
ScrollDepth,,,,,,https://www.limingdao.com/zh/tools/Phind,,100,,,,,,
ScrollDepth,,,,,,https://www.limingdao.com/zh/guides/senior-content-themes,,35,,,,,,
ScrollDepth,,,,,,https://www.limingdao.com/tags/AI%E5%9B%BE%E5%83%8F,,100,,,,,,
ScrollDepth,,,,,,https://www.limingdao.com/en/tools/Video-Ocean,,100,,,,,,
ScrollDepth,,,,,,https://www.limingdao.com/zh/exit?to=https%3A%2F%2Fspace.bilibili.com%2F470156882,,100,,,,,,
ScrollDepth,,,,,,https://www.limingdao.com/zh/tools/SaltTiger,,100,,,,,,
ScrollDepth,,,,,,https://www.limingdao.com/zh/tools/%E5%8D%8E%E4%B8%BA%E4%BA%91,,100,,,,,,
ScrollDepth,,,,,,https://www.limingdao.com/zh/tools/%E6%9C%B1%E9%9B%80AI%E6%A3%80%E6%B5%8B,,100,,,,,,
ScrollDepth,,,,,,https://www.limingdao.com/en/tools/SaltTiger,,100,,,,,,
ScrollDepth,,,,,,https://www.limingdao.com/zh/accounts/wuli-shejijie,,50,,,,,,
ScrollDepth,,,,,,https://www.limingdao.com/zh/exit?to=https%3A%2F%2Fspace.bilibili.com%2Fxiaolin-coding,,87,,,,,,
ScrollDepth,,,,,,https://www.limingdao.com/zh/exit?to=https%3A%2F%2Fmagnific.ai%2F,,100,,,,,,
ScrollDepth,,,,,,https://www.limingdao.com/zh/tools/%E7%A0%81%E4%B8%8A%E9%A3%9E-AI%E7%94%9F%E6%88%90%E5%B0%8F%E7%A8%8B%E5%BA%8F,,100,,,,,,
ScrollDepth,,,,,,https://www.limingdao.com/zh/tools/DeepReel,,100,,,,,,
ScrollDepth,,,,,,https://www.limingdao.com/zh/tools/AI-%E5%9B%BE%E5%83%8F%E5%A2%9E%E5%BC%BA%E5%B7%A5%E5%85%B7,,100,,,,,,
ScrollDepth,,,,,,https://www.limingdao.com/zh/accounts/laopao-jianhuo,,100,,,,,,
ScrollDepth,,,,,,https://www.limingdao.com/zh/exit?to=https%3A%2F%2Fpodcast.adobe.com%2F,,100,,,,,,
ScrollDepth,,,,,,https://www.limingdao.com/en/tools/%E5%95%86%E6%B1%A4%E6%97%A5%E6%97%A5%E6%96%B0%E5%A4%A7%E6%A8%A1%E5%9E%8B,,100,,,,,,
ScrollDepth,,,,,,https://www.limingdao.com/zh/exit?to=https%3A%2F%2Fwww.youtube.com%2F%403blue1brown,,87,,,,,,
ScrollDepth,,,,,,https://www.limingdao.com/24864/,,100,,,,,,
ScrollDepth,,,,,,https://www.limingdao.com/zh/exit?to=https%3A%2F%2Fwww.vozo.ai%2F,,100,,,,,,
ScrollDepth,,,,,,https://www.limingdao.com/zh/exit?to=https%3A%2F%2Fspace.bilibili.com%2F401929486%2F,,87,,,,,,
ScrollDepth,,,,,,https://www.limingdao.com/en/exit?to=https%3A%2F%2Fspace.bilibili.com%2F73842852%2F,,100,,,,,,
ScrollDepth,,,,,,https://www.limingdao.com/en/exit?to=https%3A%2F%2Fwww.douyin.com%2Fsearch%2F%25E7%258E%258B%25E5%25BE%25B7%25E9%25A1%25BA,,87,,,,,,
ScrollDepth,,,,,,https://www.limingdao.com/zh/tools/Cursor,,100,,,,,,
ScrollDepth,,,,,,https://www.limingdao.com/blog/,,100,,,,,,
ScrollDepth,,,,,,https://www.limingdao.com/zh/exit?to=https%3A%2F%2Fyoumind.com%2Fzh-CN%2Fskills,,87,,,,,,
ScrollDepth,,,,,,https://www.limingdao.com/zh/tools/KDBooks,,100,,,,,,
ScrollDepth,,,,,,https://www.limingdao.com/en/tools/%E6%A0%87%E6%8E%A2%E9%95%BFAI%E6%A0%87%E4%B9%A6,,100,,,,,,
ScrollDepth,,,,,,https://www.limingdao.com/zh/accounts/chenge-bangong,,22,,,,,,
ScrollDepth,,,,,,https://www.limingdao.com/zh/tools/%E5%85%8D%E8%B4%B9AI%E8%8B%B1%E8%AF%AD%E9%9B%85%E6%80%9D%E5%8F%A3%E8%AF%AD%E5%88%86%E6%9E%90%E6%9C%BA%E5%99%A8%E4%BA%BA,,100,,,,,,
ScrollDepth,,,,,,https://www.limingdao.com/zh/tools/%E9%93%B6%E6%B2%B3%E6%98%93%E5%88%9B,,100,,,,,,
ScrollDepth,,,,,,https://www.limingdao.com/zh/exit?to=https%3A%2F%2Fqzoffice.com%2F,,87,,,,,,
ScrollDepth,,,,,,https://www.limingdao.com/en/categories/market-insights,,100,,,,,,
ScrollDepth,,,,,,https://www.limingdao.com/zh/tools/Booltool,,100,,,,,,
ScrollDepth,,,,,,https://www.limingdao.com/zh/accounts/gityuanbao,,28,,,,,,
ScrollDepth,,,,,,https://www.limingdao.com/tags/AI%E8%A7%86%E9%A2%91%E5%88%9B%E4%BD%9C,,100,,,,,,
ScrollDepth,,,,,,https://www.limingdao.com/zh/tools/%E5%B0%8F%E5%8A%9B%E7%9B%98,,100,,,,,,
ScrollDepth,,,,,,https://www.limingdao.com/zh/tools/%E7%A7%92%E5%88%9B,,100,,,,,,
ScrollDepth,,,,,,https://www.limingdao.com/zh/accounts/xiaojie-ai-funeng,,75,,,,,,
ScrollDepth,,,,,,https://www.limingdao.com/zh/exit?to=https%3A%2F%2Flumalabs.ai%2Fdream-machine,,87,,,,,,
ScrollDepth,,,,,,https://www.limingdao.com/zh/exit?to=https%3A%2F%2Fyuewen.cn%2Fchats%2Fnew,,100,,,,,,
ScrollDepth,,,,,,https://www.limingdao.com/zh/accounts/woaijingsai-wang,,38,,,,,,
ScrollDepth,,,,,,https://www.limingdao.com/zh/tools/EasyClaw,,100,,,,,,
ScrollDepth,,,,,,https://www.limingdao.com/zh/tools/TechGPT-%E4%B8%9C%E5%8C%97%E5%A4%A7%E5%AD%A6,,100,,,,,,
ScrollDepth,,,,,,https://www.limingdao.com/zh/exit?to=https%3A%2F%2Fspace.bilibili.com%2F25876945%2F,,87,,,,,,
ScrollDepth,,,,,,https://www.limingdao.com/zh/exit?to=https%3A%2F%2Fwww.moonstatistics.com%2Fhome,,87,,,,,,
ScrollDepth,,,,,,https://www.limingdao.com/zh/tools/WHEE,,100,,,,,,
ScrollDepth,,,,,,https://www.limingdao.com/zh/tools/%E7%AC%94%E6%A0%BC%E8%AE%BE%E8%AE%A1,,100,,,,,,
ScrollDepth,,,,,,https://toolify-directory-static.vercel.app/zh,vercel.com,2,,,,,,
ScrollDepth,,,,,,https://www.limingdao.com/en/exit?to=https%3A%2F%2Fspace.bilibili.com%2F19319172%2F,,100,,,,,,
ScrollDepth,,,,,,https://www.limingdao.com/zh,www.limingdao.com,2,,,,,,
ScrollDepth,,,,,,https://www.limingdao.com/zh/accounts/sample-creator-1,,100,,,,,,
ScrollDepth,,,,,,https://www.limingdao.com/zh/accounts/shuxue-jianmo-boom,,38,,,,,,
ScrollDepth,,,,,,https://www.limingdao.com/zh/tools/%E5%A2%A8%E7%8B%90AI%E5%86%99%E5%B0%8F%E8%AF%B4,,100,,,,,,
ScrollDepth,,,,,,https://www.limingdao.com/zh/tools/Visual-Studio-IntelliCode,,100,,,,,,
ScrollDepth,,,,,,https://www.limingdao.com/zh/guides/geo-generative-engine-optimization,,28.25,,,,,,
ScrollDepth,,,,,,https://www.limingdao.com/en/exit?to=https%3A%2F%2Fwww.youtube.com%2F%40TwoMinutePapers,,87,,,,,,
ScrollDepth,,,,,,https://www.limingdao.com/en/tools/kreadoai,,100,,,,,,
ScrollDepth,,,,,,https://www.limingdao.com/zh/tools/Muset,,100,,,,,,
ScrollDepth,,,,,,https://www.limingdao.com/zh/categories/marketing-seo,www.limingdao.com,71,,,,,,
ScrollDepth,,,,,,https://www.limingdao.com/zh/tools/Wanderboat,,100,,,,,,
ScrollDepth,,,,,,https://www.limingdao.com/zh/tools/fliki,,100,,,,,,
ScrollDepth,,,,,,https://www.limingdao.com/zh/tools/LOVO-AI,,100,,,,,,
ScrollDepth,,,,,,https://www.limingdao.com/en/tools/Pollo-AI,,100,,,,,,
ScrollDepth,,,,,,https://www.limingdao.com/zh/tools/Exa-AI,,100,,,,,,
ScrollDepth,,,,,,https://www.limingdao.com/en/tools/OpenRouter-Rankings,,100,,,,,,
ScrollDepth,,,,,,https://www.limingdao.com/en/guides/ai-learning-path,,19,,,,,,
ScrollDepth,,,,,,https://www.limingdao.com/tags/AI%E5%A4%A7%E6%A8%A1%E5%9E%8B,,100,,,,,,
ScrollDepth,,,,,,https://www.limingdao.com/en/tools/Vozo,,100,,,,,,
Traffic,,,,,,https://www.limingdao.com/zh/exit?to=https%3A%2F%2Flzpanx.com%2F,,,1,0,1,1,,
Traffic,,,,,,https://www.limingdao.com/en/tools/%E9%BA%BB%E5%B0%8F%E7%8E%A9%E8%99%BE%E6%8C%87%E5%8D%97,,,0,1,1,1,,
Traffic,,,,,,https://www.limingdao.com/zh/accounts/genji-shizhen-ai,,,1,0,1,1,,
Traffic,,,,,,https://www.limingdao.com/en/exit?to=https://bytedance.larkoffice.com/docx/L4vCdah1DoDg7axVdYGcoplSn9f,,,0,1,1,1,,
Traffic,,,,,,https://www.limingdao.com/zh/tools/Naver-Papago-APP,,,0,2,2,1,,
Traffic,,,,,,https://www.limingdao.com/110780/,,,0,1,1,1,,
Traffic,,,,,,https://www.limingdao.com/zh/tools/iFlyCode,,,0,1,1,1,,
Traffic,,,,,,https://www.limingdao.com/zh/guides/education-creators-to-follow,,,0,2,2,1,,
Traffic,,,,,,https://www.limingdao.com/zh/accounts/cocong-daxueshenghuo,,,0,1,1,1,,
Traffic,,,,,,https://www.limingdao.com/site/1910.html,,,0,1,1,1,,
Traffic,,,,,,https://www.limingdao.com/sub-category/AI%E5%BC%80%E6%BA%90%E9%A1%B9%E7%9B%AE,,,2,0,2,1,,
Traffic,,,,,,https://www.limingdao.com/en/guides/renovation-creators-to-follow,,,1,0,1,1,,
Traffic,,,,,,https://www.limingdao.com/zh/tools/categories/AI%E5%A4%A7%E6%A8%A1%E5%9E%8B,,,0,1,1,1,,
Traffic,,,,,,https://www.limingdao.com/zh/exit?to=https://mistral.ai/,,,0,0,1,1,,
Traffic,,,,,,https://www.limingdao.com/zh/tools/AI%E4%B8%80%E9%94%AE%E7%94%9F%E6%88%90Excel%E5%85%AC%E5%BC%8F,,,0,1,1,1,,
Traffic,,,,,,https://www.limingdao.com/zh/accounts/longlong-office,,,0,0,1,1,,
Traffic,,,,,,https://www.limingdao.com/zh/tools/%E5%B7%A8%E6%97%A5%E7%A6%84,,,1,0,1,1,,
Traffic,,,,,,https://www.limingdao.com/223768/,,,0,1,1,1,,
Traffic,,,,,,https://www.limingdao.com/167473.html,,,0,1,1,1,,
Traffic,,,,,,https://www.limingdao.com/en/guides/college-back-to-school-gear,,,0,1,1,1,,
Traffic,,,,,,https://www.limingdao.com/zh/accounts/laomai-gongjuku,,,0,0,1,1,,
Traffic,,,,,,https://www.limingdao.com/en/accounts/anzhi-sushe,,,0,1,1,1,,
Traffic,,,,,,https://www.limingdao.com/zh/accounts/chenge-bangong?gtm_latency=1,,,0,1,1,1,,
Traffic,,,,,,https://www.limingdao.com/zh/accounts/liyongle-laoshi,,,1,1,2,1,,
Traffic,,,,,,https://www.limingdao.com/zh/tools/MiniMax%E5%A4%A7%E8%AF%AD%E8%A8%80%E6%A8%A1%E5%9E%8B,,,0,1,1,1,,
Traffic,,,,,,https://www.limingdao.com/2557.html,,,0,1,1,1,,
Traffic,,,,,,https://www.limingdao.com/zh/tools/Onlook,,,1,0,1,1,,
Traffic,,,,,,https://www.limingdao.com/sites/ai-video,,,0,1,1,1,,
Traffic,,,,,,https://www.limingdao.com/zh/tools/Manus,,,0,1,1,1,,
Traffic,,,,,,https://www.limingdao.com/zh/tools/%E7%B4%AB%E4%B8%9C%E5%A4%AA%E5%88%9D-%E5%A4%9A%E6%A8%A1%E6%80%81%E5%A4%A7%E6%A8%A1%E5%9E%8B,,,2,0,2,1,,
Traffic,,,,,,https://www.limingdao.com/zh/exit?to=https://space.bilibili.com/chaping,,,0,0,1,1,,
Traffic,,,,,,https://www.limingdao.com/130770/,,,0,1,1,1,,
Traffic,,,,,,https://www.limingdao.com/zh/exit?to=http://www.huajuanma.com,,,0,1,1,1,,
Traffic,,,,,,https://www.limingdao.com/en/exit?to=https%3A%2F%2Fspace.bilibili.com%2F1900783%2F,,,1,0,1,1,,
Traffic,,,,,,https://www.limingdao.com/zh/exit?to=https://thinkany.ai/zh,,,0,2,2,1,,
Traffic,,,,,,https://www.limingdao.com/zh/tools/Aibiye-Ai%E8%AE%BA%E6%96%87%E7%94%9F%E6%88%90%E4%B8%93%E4%B8%9A%E7%89%88,,,0,0,1,1,,
Traffic,,,,,,https://www.limingdao.com/en/tools/MoodGallery-APP,,,1,0,1,1,,
Traffic,,,,,,https://www.limingdao.com/zh/categories/home-appliances,,,0,0,1,1,,
Traffic,,,,,,https://www.limingdao.com/zh/accounts/nawusijia-ai-craft,,,0,1,1,1,,
Traffic,,,,,,https://www.limingdao.com/zh/exit?to=https%3A%2F%2Fwww.zhiyuanguihua.com%2F,,,0,0,1,1,,
Traffic,,,,,,https://www.limingdao.com/zh/tools/MidJourneyStylesampKeywords,,,0,1,1,1,,
Traffic,,,,,,https://www.limingdao.com/zh/tools/%E8%B1%86%E5%8C%85AI%E5%86%99%E4%BD%9C%E5%8A%A9%E6%89%8B,,,0,1,1,1,,
Traffic,,,,,,https://www.limingdao.com/138155.html,,,0,1,1,1,,
Traffic,,,,,,https://www.limingdao.com/zh/accounts/zhongzheng-pingce,,,0,1,1,1,,
Traffic,,,,,,https://www.limingdao.com/zh/accounts/douge-heikeji,,,1,0,1,1,,
Traffic,,,,,,https://www.limingdao.com/en/tools/WHEE,,,1,0,1,1,,
Traffic,,,,,,https://www.limingdao.com/zh/tools/%E6%9C%80%E5%A5%BD%E7%9A%84AI%E5%AF%BC%E8%88%AA%E7%AB%99%E5%92%8CAI%E5%B7%A5%E5%85%B7%E5%88%97%E8%A1%A8-Toolify,,,0,1,1,1,,
Traffic,,,,,,https://www.limingdao.com/zh/accounts/office-ketang,,,0,0,1,1,,
Traffic,,,,,,https://www.limingdao.com/zh/tools/Tabby,,,0,0,1,1,,
Traffic,,,,,,https://www.limingdao.com/zh/accounts/ai-xiaozhushou,,,0,1,1,1,,
Traffic,,,,,,https://www.limingdao.com/en/tools/%E6%85%A7%E8%A8%80AI,,,0,1,1,1,,
Traffic,,,,,,https://www.limingdao.com/zh/tools/%E8%93%9D%E8%97%BBAI,,,0,0,1,1,,
Traffic,,,,,,https://www.limingdao.com/zh/tools/%E8%AE%AF%E9%A3%9E%E6%99%BA%E4%BD%9C,,,1,0,1,1,,
Traffic,,,,,,https://www.limingdao.com/zh/exit?to=https%3A%2F%2Fwww.deepswapper.com%2F,,,0,1,1,1,,
Traffic,,,,,,https://www.limingdao.com/en/tools/AI%E8%AE%BA%E6%96%87-%E9%AB%98%E8%B4%A8%E9%87%8F%E5%8C%85%E8%BF%87%E6%9F%A5%E9%87%8D,,,0,1,1,1,,
Traffic,,,,,,https://www.limingdao.com/zh/accounts/huaye-mengyi-huanjiuqian,,,1,0,1,1,,
Traffic,,,,,,https://www.limingdao.com/en/exit?to=https%3A%2F%2Fwww.douyin.com%2Fsearch%2F%25E7%258E%25A9%25E8%25BD%2589office,,,1,0,1,1,,
Traffic,,,,,,https://www.limingdao.com/zh/tools/%E7%A8%BF%E5%AE%9AAI,,,1,0,1,1,,
Traffic,,,,,,https://www.limingdao.com/en/guides/geo-keyword-content-checklist,,,0,1,1,1,,
Traffic,,,,,,https://www.limingdao.com/zh/tools/Tabbit-%E6%B5%8F%E8%A7%88%E5%99%A8,,,0,1,1,1,,
Traffic,,,,,,https://www.limingdao.com/en/tools/%E8%8C%85%E8%8C%85%E8%99%ABAI%E8%AE%BA%E6%96%87%E5%8A%A9%E6%89%8B,,,0,1,1,1,,
Traffic,,,,,,https://www.limingdao.com/zh/accounts/nvsheng-sushe-riji,,,1,1,2,1,,
Traffic,,,,,,https://www.limingdao.com/%e5%85%ac%e5%91%8a/,,,0,1,1,1,,
Traffic,,,,,,https://www.limingdao.com/zh,,,9,76,85,1.0229885057471264,,
Traffic,,,,,,https://www.limingdao.com/en/categories/marketing-seo,,,1,0,1,1,,
Traffic,,,,,,https://www.limingdao.com/140531/,,,0,1,1,1,,
Traffic,,,,,,https://www.limingdao.com/en/accounts/lishidiaoyanshi,,,0,1,1,1,,
Traffic,,,,,,https://www.limingdao.com/143629.html,,,0,2,2,1,,
Traffic,,,,,,https://www.limingdao.com/en/exit?to=https%3A%2F%2Fspace.bilibili.com%2F259768893%2F,,,1,0,1,1,,
Traffic,,,,,,https://www.limingdao.com/zh/accounts/huidao-2049,,,0,1,1,1,,
Traffic,,,,,,https://www.limingdao.com/zh/exit?to=https%3A%2F%2Fwww.icnpy.com%2F,,,1,0,1,1,,
Traffic,,,,,,https://www.limingdao.com/zh/accounts/doudou-riji,,,0,1,1,1,,
Traffic,,,,,,https://www.limingdao.com/zh/exit?to=https%3A%2F%2Fsalttiger.com%2F,,,1,0,1,1,,
Traffic,,,,,,https://www.limingdao.com/en/exit?to=https://www.editage.cn/paperpal,,,0,1,1,1,,
Traffic,,,,,,https://www.limingdao.com/zh/tools/%E7%99%BD%E6%97%A5%E6%A2%A6,,,0,1,1,1,,
Traffic,,,,,,https://www.limingdao.com/zh/categories/education,,,0,1,1,1,,
Traffic,,,,,,https://www.limingdao.com/zh/platforms/xiaohongshu,,,0,1,1,1,,
Traffic,,,,,,https://www.limingdao.com/135166.html,,,0,1,1,1,,
Traffic,,,,,,https://www.limingdao.com/en/accounts/beihai-yeye,,,0,0,1,1,,
Traffic,,,,,,https://www.limingdao.com/en/tools/%E9%A3%9E%E6%A1%A8AI-Studio,,,0,0,1,1,,
Traffic,,,,,,https://www.limingdao.com/146311.html,,,0,1,1,1,,
Traffic,,,,,,https://www.limingdao.com/en/accounts/ai-xiao-dang-jia,,,0,1,1,1,,
Traffic,,,,,,https://www.limingdao.com/zh/accounts/wuqiongxiaoliang,,,0,1,1,1,,
Traffic,,,,,,https://www.limingdao.com/zh/tools/WisPaper,,,0,0,1,1,,
Traffic,,,,,,https://www.limingdao.com/zh/tools/CopyLeaks,,,1,0,1,1,,
Traffic,,,,,,https://www.limingdao.com/en/exit?to=https%3A%2F%2Fspace.bilibili.com%2F519872016%2F,,,1,0,1,1,,
Traffic,,,,,,https://www.limingdao.com/zh/exit?to=https%3A%2F%2Fwww.douyin.com%2Fsearch%2F%25E7%258E%25A9%25E8%25BD%2589office,,,1,0,1,1,,
Traffic,,,,,,https://www.limingdao.com/zh/tools/%E8%BD%BB%E7%AB%B9%E5%8A%9E%E5%85%AC,,,1,0,1,1,,
Traffic,,,,,,https://www.limingdao.com/zh/exit?to=https%3A%2F%2Fopenrouter.ai%2Frankings,,,1,0,1,1,,
Traffic,,,,,,https://www.limingdao.com/zh/tools/%E4%BA%AC%E4%B8%9C%E4%BA%91,,,0,0,1,1,,
Traffic,,,,,,https://www.limingdao.com/zh/accounts/yitiao-zhengxian,,,0,2,2,1,,
Traffic,,,,,,https://www.limingdao.com/zh/accounts/jianqiao-liaoliao-xuejie,,,0,1,1,1,,
Traffic,,,,,,https://www.limingdao.com/en/tools/Mochi-1,,,0,1,1,1,,
Traffic,,,,,,https://www.limingdao.com/en/exit?to=https%3A%2F%2Fspace.bilibili.com%2F1931267550,,,1,0,1,1,,
Traffic,,,,,,https://www.limingdao.com/en/accounts/lan-tongxue-de-sushe,,,0,1,1,1,,
Traffic,,,,,,https://www.limingdao.com/zh/accounts/geekerwan,,,0,1,1,1,,
Traffic,,,,,,https://www.limingdao.com/tags,,,1,0,1,1,,
Traffic,,,,,,https://www.limingdao.com/zh/accounts/xiaoai-dashu,,,0,1,1,1,,
Traffic,,,,,,https://www.limingdao.com/en/tools/GPT,,,0,1,1,1,,
Traffic,,,,,,https://www.limingdao.com/redirect/?target=https%3A%2F%2Fnhhawa.edu.kg%2F,,,0,1,1,1,,
Traffic,,,,,,https://www.limingdao.com/141515/,,,0,1,1,1,,
Traffic,,,,,,https://www.limingdao.com/zh/accounts/lishidiaoyanshi,,,1,0,2,1,,
Traffic,,,,,,https://www.limingdao.com/zh/guides/education-learning-path,,,1,1,2,1,,
Traffic,,,,,,https://www.limingdao.com/zh/guides/geo-keyword-content-checklist,www.limingdao.com,,1,0,1,1,,
Traffic,,,,,,https://www.limingdao.com/en/exit?to=https%3A%2F%2Fspace.bilibili.com%2F14583962%2F,,,0,1,1,1,,
Traffic,,,,,,https://www.limingdao.com/categories/AI%E5%BA%94%E7%94%A8,,,1,0,1,1,,
Traffic,,,,,,https://www.limingdao.com/zh/tools/categories/AI%E8%81%8A%E5%A4%A9%E5%AF%B9%E8%AF%9D,,,0,1,1,1,,
Traffic,,,,,,https://www.limingdao.com/en/exit?to=https%3A%2F%2Fspace.bilibili.com%2F7458285%2F,,,1,0,1,1,,
Traffic,,,,,,https://www.limingdao.com/zh/accounts/pengjiangjiang-linya,,,0,1,1,1,,
Traffic,,,,,,https://www.limingdao.com/categories/AI%E5%86%99%E4%BD%9C,,,1,0,1,1,,
Traffic,,,,,,https://www.limingdao.com/redirect/?target=https://www.muset.ai/,,,0,1,1,1,,
Traffic,,,,,,https://www.limingdao.com/zh/tools/%E7%A7%91%E5%AD%A6%E4%B8%8A%E7%BD%91%E5%B7%A5%E5%85%B7%E7%AE%B1-v2rayse,,,0,1,1,1,,
Traffic,,,,,,https://www.limingdao.com/privacy-policy-2,,,0,1,1,1,,
Traffic,,,,,,https://www.limingdao.com/,,,1,2,3,1,,
Traffic,,,,,,https://www.limingdao.com/zh?golink=aHR0cHM6Ly9naXRodWIuY29tL2JsZWVkbGluZS9haW1vbmV5aHVudGVyIyVFNSU5NSU4NiVFNSU5MyU4MSVFNSVCOSVCRiVFNSU5MSU4QQ%3D%3D,,,0,1,1,1,,
Traffic,,,,,,https://www.limingdao.com/zh/exit?to=https%3A%2F%2Fspace.bilibili.com%2F1567748478,,,1,0,1,1,,
Traffic,,,,,,https://www.limingdao.com/redirect/?target=https://fxopenai.com/,,,0,1,1,1,,
Traffic,,,,,,https://www.limingdao.com/zh/tools/Copilot-Hub,,,0,1,1,1,,
Traffic,,,,,,https://www.limingdao.com/zh/guides/home-appliances-buying-guide,,,1,0,1,1,,
Traffic,,,,,,https://www.limingdao.com/en/exit?to=https://gw.iflydocs.com/,,,0,1,1,1,,
Traffic,,,,,,https://www.limingdao.com/en/tools/%E9%AD%94%E6%90%ADGPTModelScopeGPT,,,0,1,1,1,,
Traffic,,,,,,https://www.limingdao.com/en/exit?to=https%3A%2F%2Fwww.douyin.com%2Fsearch%2F%25E9%2598%25BF%25E6%259C%25A8%25E7%2588%25B7%25E7%2588%25B7,,,1,0,1,1,,
Traffic,,,,,,https://www.limingdao.com/zh/tools/%E8%BF%99%E4%B8%AA-%E5%BC%80%E6%BA%90Skill%E8%87%AA%E5%8A%A8%E6%8E%92%E7%89%88%E5%8F%91%E9%80%81%E5%88%B0%E5%85%AC%E4%BC%97%E5%8F%B7%E8%8D%89%E7%A8%BF%E4%B8%8D%E8%8A%B1%E4%B8%80%E5%88%86%E9%92%B1,,,1,0,1,1,,
Traffic,,,,,,https://www.limingdao.com/zh/guides/office-creators-to-follow,,,0,4,4,1,,
Traffic,,,,,,https://www.limingdao.com/zh/accounts,,,0,0,3,1,,
Traffic,,,,,,https://www.limingdao.com/en/accounts/xiaosheng-bangong,,,1,0,1,1,,
Traffic,,,,,,https://www.limingdao.com/zh/tools/%E5%B9%82%E7%AE%80AI%E6%8F%90%E7%A4%BA%E8%AF%8D%E5%95%86%E5%9F%8E,,,0,1,1,1,,
Traffic,,,,,,https://www.limingdao.com/zh/tools/Google-AI,,,0,2,2,1,,
Traffic,,,,,,https://www.limingdao.com/3977.html,,,0,1,1,1,,
Traffic,,,,,,https://www.limingdao.com/en/accounts/junn-jiejun,,,0,1,1,1,,
Traffic,,,,,,https://www.limingdao.com/zh/accounts/shejishi-ashuang,,,1,0,1,1,,
Traffic,,,,,,https://www.limingdao.com/zh/tools/MiMo,,,0,0,1,1,,
Traffic,,,,,,https://www.limingdao.com/zh/exit?to=https%3A%2F%2Ffryderyk.ai%2F,,,1,0,1,1,,
Traffic,,,,,,https://www.limingdao.com/en/tools/%E8%AE%AF%E9%A3%9E%E6%98%9F%E7%81%AB,,,0,1,1,1,,
Traffic,,,,,,https://www.limingdao.com/zh/exit?to=https%3A%2F%2Fwww.xaudiopro.com%2Fcn%2F,,,1,0,1,1,,
Traffic,,,,,,https://www.limingdao.com/site/1474.html,,,0,2,2,1,,
Traffic,,,,,,https://www.limingdao.com/170798.html,,,0,1,1,1,,
Traffic,,,,,,https://www.limingdao.com/zh/exit?to=https://bigppt.cn/,,,0,1,1,1,,
Traffic,,,,,,https://www.limingdao.com/zh/guides,,,0,1,1,1,,
Traffic,,,,,,https://www.limingdao.com/zh/accounts/gude-rebang,,,0,1,1,1,,
Traffic,,,,,,https://www.limingdao.com/en/tools/ChatPPT,,,0,1,1,1,,
Traffic,,,,,,https://www.limingdao.com/en/accounts/labi-he-xiaoxun,,,0,1,1,1,,
Traffic,,,,,,https://www.limingdao.com/zh/exit?to=https%3A%2F%2Fspace.bilibili.com%2F259768893%2F,,,1,0,1,1,,
Traffic,,,,,,https://www.limingdao.com/zh/tools/%E7%82%B9%E4%B9%A6%E7%BD%91,,,0,1,1,1,,
Traffic,,,,,,https://www.limingdao.com/zh/tools/%E5%86%85%E9%85%B7%E7%BD%91,,,0,1,1,1,,
Traffic,,,,,,https://www.limingdao.com/en/accounts/office-ketang,,,0,1,1,1,,
Traffic,,,,,,https://www.limingdao.com/en/tools/MiMo,,,0,1,1,1,,
Traffic,,,,,,https://www.limingdao.com/zh/exit?to=https://pagentia.com/,,,0,0,1,1,,
Traffic,,,,,,https://www.limingdao.com/en/accounts/duding-xiaozhao,,,0,1,1,1,,
Traffic,,,,,,https://www.limingdao.com/zh/exit?to=https%3A%2F%2Fwww.douyin.com%2Fsearch%2F%25E4%25B8%2589%25E7%25A7%2592-office,,,1,0,1,1,,
Traffic,,,,,,https://www.limingdao.com/zh/accounts/sushe-zhang-amazing,,,0,1,1,1,,
Traffic,,,,,,https://www.limingdao.com/zh/tools/MiniMax%E5%BC%80%E6%94%BE%E5%B9%B3%E5%8F%B0,,,0,2,2,1,,
Traffic,,,,,,https://www.limingdao.com/140361/,,,0,1,1,1,,
Traffic,,,,,,https://www.limingdao.com/zh/tools/%E9%94%90%E8%AF%BB%E7%BD%91,,,0,1,1,1,,
Traffic,,,,,,https://www.limingdao.com/zh/tools/%E9%AD%94%E5%8A%9B%E5%B7%A5%E4%BD%9C%E5%AE%A4,,,0,1,1,1,,
Traffic,,,,,,https://www.limingdao.com/en/exit?to=https://xueshucha.youdao.com/%23/,,,0,1,1,1,,
Traffic,,,,,,https://www.limingdao.com/en/tools/%E8%BD%BB%E7%AB%B9%E5%8A%9E%E5%85%AC,,,1,0,1,1,,
Traffic,,,,,,https://www.limingdao.com/zh/exit?to=https%3A%2F%2Fspace.bilibili.com%2F254463269%2F,,,1,0,1,1,,
Traffic,,,,,,https://www.limingdao.com/zh/accounts/wuqeixian-wulaolao,,,0,1,1,1,,
Traffic,,,,,,https://www.limingdao.com/zh/accounts/ai-xiaomonv,,,0,1,1,1,,
Traffic,,,,,,https://www.limingdao.com/131930/,,,0,1,1,1,,
Traffic,,,,,,https://www.limingdao.com/redirect/?target=https://www.chatbot.cn/increase.html,,,0,1,1,1,,
Traffic,,,,,,https://www.limingdao.com/zh/accounts/wanzhuan-office,,,0,1,1,1,,
Traffic,,,,,,https://www.limingdao.com/en/exit?to=https%3A%2F%2Fspace.bilibili.com%2F12351332%2F,,,1,0,1,1,,
Traffic,,,,,,https://www.limingdao.com/en/tools/FLOWGPT,,,0,1,1,1,,
Traffic,,,,,,https://www.limingdao.com/en/tools/Adobe-Podcast,,,1,0,1,1,,
Traffic,,,,,,https://www.limingdao.com/en/exit?to=https%3A%2F%2Fspace.bilibili.com%2F407045223%2F,,,1,0,1,1,,
Traffic,,,,,,https://www.limingdao.com/zh/tools/Qwen-Chat,,,0,2,2,1,,
Traffic,,,,,,https://www.limingdao.com/zh/exit?to=https%3A%2F%2Fgptzero.me%2F,,,0,1,1,1,,
Traffic,,,,,,https://www.limingdao.com/en/tools/Nmod,,,1,0,1,1,,
Traffic,,,,,,https://www.limingdao.com/zh/tools/categories/AI%E5%BA%94%E7%94%A8,,,0,1,2,1,,
Traffic,,,,,,https://www.limingdao.com/en/accounts/laomai-gongjuku,,,0,1,1,1,,
Traffic,,,,,,https://www.limingdao.com/zh/tools/MOKI,,,1,0,1,1,,
Traffic,,,,,,http://localhost:4321/zh,,,0,3,3,1,,
Traffic,,,,,,https://www.limingdao.com/zh/accounts/penghong-milo,,,0,1,1,1,,
Traffic,,,,,,https://www.limingdao.com/243889.html,,,0,1,1,1,,
Traffic,,,,,,https://www.limingdao.com/zh/tools/StudyCorgi-ChatGPT-Detector,,,0,1,1,1,,
Traffic,,,,,,https://www.limingdao.com/zh/exit?to=https%3A%2F%2Fwww.picdoc.cn%2F,,,1,0,1,1,,
Traffic,,,,,,https://www.limingdao.com/zh/tools/%E6%B7%98%E5%A3%B0%E7%BD%91,,,0,0,1,1,,
Traffic,,,,,,https://www.limingdao.com/131022.html,,,0,1,1,1,,
Traffic,,,,,,https://www.limingdao.com/en/tools/%E5%98%8E%E5%98%8E%E9%99%8DAI,,,0,1,1,1,,
Traffic,,,,,,https://www.limingdao.com/zh/guides,www.limingdao.com,,1,0,1,2,,
Traffic,,,,,,https://www.limingdao.com/en/tools/%E8%AE%AF%E9%A3%9E%E6%98%9F%E7%81%ABAPP,,,1,0,1,1,,
Traffic,,,,,,https://www.limingdao.com/zh/accounts/laoba-pingce,,,0,1,1,1,,
Traffic,,,,,,https://www.limingdao.com/zh/tools/SoundView,,,0,1,1,1,,
Traffic,,,,,,https://www.limingdao.com/en/accounts/bibarpingceshi,,,0,1,1,1,,
Traffic,,,,,,https://www.limingdao.com/146973.html,,,0,1,1,1,,
Traffic,,,,,,https://www.limingdao.com/zh/tools/TinyWow,,,1,0,1,1,,
Traffic,,,,,,https://www.limingdao.com/zh/accounts/man-guang-miwa,,,0,1,1,1,,
Traffic,,,,,,https://www.limingdao.com/zh/exit?to=https%3A%2F%2Fwww.aliyun.com%2Fbenefit%2Fscene%2Fcodingplan,,,1,0,1,1,,
Traffic,,,,,,https://www.limingdao.com/148409/,,,0,1,1,1,,
Traffic,,,,,,https://www.limingdao.com/zh/tools/%E4%B8%87%E7%9B%B8%E8%90%A5%E9%80%A0,,,1,0,1,1,,
Traffic,,,,,,https://www.limingdao.com/tags/AI%E5%86%99%E4%BD%9C%E5%B7%A5%E5%85%B7,,,1,0,1,1,,
Traffic,,,,,,https://www.limingdao.com/zh/categories/ai-content,,,0,1,1,1,,
Traffic,,,,,,https://www.limingdao.com/sub-category/AI%E5%86%99%E4%BD%9C,,,1,0,1,1,,
Traffic,,,,,,https://www.limingdao.com/zh/tools/Presentations.AI,,,1,0,1,1,,
Traffic,,,,,,https://www.limingdao.com/zh/accounts/xiaolin-coding-xhs,,,0,1,1,1,,
Traffic,,,,,,https://www.limingdao.com/zh/exit?to=https%3A%2F%2Fwww.doudou.fun%2F,,,1,0,1,1,,
Traffic,,,,,,https://www.limingdao.com/zh/exit?to=http://jsebook.com,,,0,1,1,1,,
Traffic,,,,,,https://www.limingdao.com/zh/tools/Moltbook,,,2,0,2,1,,
Traffic,,,,,,https://www.limingdao.com/en/accounts/wanzhuan-office,,,0,2,2,1,,
Traffic,,,,,,https://www.limingdao.com/zh/accounts/zhangxuefeng-laoshi,,,0,1,1,1,,
Traffic,,,,,,https://www.limingdao.com/147013/,,,0,1,1,1,,
Traffic,,,,,,https://www.limingdao.com/zh/tools/360AI%E6%90%9C%E7%B4%A2,,,0,1,1,1,,
Traffic,,,,,,https://www.limingdao.com/zh/tools/%E9%A3%9E%E6%A1%A8AI-Studio,,,0,1,1,1,,
Traffic,,,,,,https://www.limingdao.com/en/tools/%E8%BF%85%E6%8D%B7AI%E5%86%99%E4%BD%9C,,,0,1,1,1,,
Traffic,,,,,,https://www.limingdao.com/zh/accounts/tongji-zihaoxiong,,,0,1,1,1,,
Traffic,,,,,,https://www.limingdao.com/en/exit?to=https%3A%2F%2Fspace.bilibili.com%2F697174669%2F,,,1,0,1,1,,
Traffic,,,,,,https://www.limingdao.com/en/tools/%E7%A5%9E%E7%AC%94%E9%A9%AC%E8%89%AF,,,1,0,1,1,,
Traffic,,,,,,https://www.limingdao.com/zh?product_cat=dr-cool,,,0,1,1,1,,
Traffic,,,,,,https://www.limingdao.com/zh/tools/MiniMax-Audio,,,1,0,1,1,,
Traffic,,,,,,https://www.limingdao.com/redirect/?target=https://www.iyd.wang,,,0,1,1,1,,
Traffic,,,,,,https://www.limingdao.com/zh/accounts/pangmen-ppt,,,0,0,1,1,,
Traffic,,,,,,https://www.limingdao.com/zh/accounts/shuxue-jianmo-laoge,,,0,1,1,1,,
Traffic,,,,,,https://www.limingdao.com/zh/,,,0,2,2,1,,
Traffic,,,,,,https://www.limingdao.com/zh/exit?to=https%3A%2F%2Fwww.nmod.net,,,1,0,1,1,,
Traffic,,,,,,https://www.limingdao.com/project/ziying,,,0,0,1,1,,
Traffic,,,,,,https://www.limingdao.com/zh/tools/ChatBA,,,0,1,1,1,,
Traffic,,,,,,https://www.limingdao.com/zh/tools/Adobe%E5%9C%A8%E7%BA%BF%E5%B7%A5%E5%85%B7,,,1,0,1,1,,
Traffic,,,,,,https://www.limingdao.com/en/exit?to=https://www.xieasy.com/tools/paperWritingMarket,,,0,0,1,1,,
Traffic,,,,,,https://www.limingdao.com/en/accounts/kaochong-siliuji,,,0,1,1,1,,
Traffic,,,,,,https://www.limingdao.com/zh/tools/%E9%97%AE%E5%B0%8F%E7%99%BD,,,0,1,1,1,,
Traffic,,,,,,https://www.limingdao.com/en/tools/CopyDone-AI%E8%90%A5%E9%94%80%E5%86%85%E5%AE%B9%E5%88%9B%E4%BD%9C,,,0,1,1,1,,
Traffic,,,,,,https://www.limingdao.com/zh?orderby=favorite,,,0,1,1,1,,
Traffic,,,,,,https://www.limingdao.com/167160.html,,,0,1,1,1,,
Traffic,,,,,,https://www.limingdao.com/en/exit?to=https://www.browseros.com/,,,0,0,1,1,,
Traffic,,,,,,https://www.limingdao.com/zh/exit?to=https%3A%2F%2Fxingyuexiezuo.com%2F,,,1,0,1,1,,
Traffic,,,,,,https://www.limingdao.com/en/exit?to=https%3A%2F%2Fwww.douyin.com%2Fsearch%2Fspzp_04,,,1,0,1,1,,
Traffic,,,,,,https://www.limingdao.com/zh/tools/%E5%BF%97%E6%84%BF%E7%A9%BA%E9%97%B4,,,1,0,1,1,,
Traffic,,,,,,https://www.limingdao.com/en/tools/%E4%B8%87%E5%BD%A9AI,,,0,1,1,1,,
Traffic,,,,,,https://www.limingdao.com/blog,,,0,1,1,1,,
Traffic,,,,,,https://www.limingdao.com/zh/exit?to=https%3A%2F%2Fapp.insta-speak.com%2F,,,1,0,1,1,,
Traffic,,,,,,https://www.limingdao.com/en/exit?to=https://h5.cxyhub.com/,,,0,0,1,1,,
Traffic,,,,,,https://www.limingdao.com/zh/rankings,,,0,2,2,1,,
Traffic,,,,,,https://www.limingdao.com/zh/accounts/mofan-python,,,0,1,1,1,,
Traffic,,,,,,https://www.limingdao.com/en/tools/Fish-Audio,,,1,0,1,1,,
Traffic,,,,,,https://www.limingdao.com/en/tools/Qwen-Chat,,,0,1,1,1,,
Traffic,,,,,,https://www.limingdao.com/en/exit?to=https://xiezuomowenti.com/,,,0,1,1,1,,
Traffic,,,,,,https://www.limingdao.com/zh/exit?to=https://www.hedra.com/,,,0,1,1,1,,
Traffic,,,,,,https://www.limingdao.com/en/tools/MiniMax%E5%BC%80%E6%94%BE%E5%B9%B3%E5%8F%B0,,,1,0,1,1,,
Traffic,,,,,,https://www.limingdao.com/en/exit?to=https%3A%2F%2Fwww.douyin.com%2Fsearch%2FWPS%25E5%25A4%25A7%25E8%2580%2581%25E6%259D%25BF,,,1,0,1,1,,
Traffic,,,,,,https://www.limingdao.com/zh/exit?to=https%3A%2F%2Fbigesj.com%2F,,,1,0,1,1,,
Traffic,,,,,,https://www.limingdao.com/en/tools/%E9%98%BF%E9%87%8C%E4%BA%91,,,0,0,1,1,,
Traffic,,,,,,https://www.limingdao.com/zh/tools/CHTML,,,1,0,1,1,,
Traffic,,,,,,https://www.limingdao.com/3897.html,,,0,2,2,1,,
Traffic,,,,,,https://www.limingdao.com/zh/guides/renovation-creators-to-follow,,,1,2,3,1,,
Traffic,,,,,,https://www.limingdao.com/zh/tools/Collov-AI,,,0,1,1,1,,
Traffic,,,,,,https://www.limingdao.com/zh/accounts/cas-physics,,,0,1,1,1,,
Traffic,,,,,,https://www.limingdao.com/zh/guides/home-appliances-creators-to-follow,,,0,1,1,1,,
Traffic,,,,,,https://www.limingdao.com/zh/accounts/chapinjun,,,0,1,1,1,,
Traffic,,,,,,https://www.limingdao.com/zh/tools/Phind,,,1,0,1,1,,
Traffic,,,,,,https://www.limingdao.com/zh/guides/senior-content-themes,,,1,4,5,1,,
Traffic,,,,,,https://www.limingdao.com/tags/AI%E5%9B%BE%E5%83%8F,,,2,0,2,1,,
Traffic,,,,,,https://www.limingdao.com/en/tools/Video-Ocean,,,1,0,1,1,,
Traffic,,,,,,https://www.limingdao.com/zh/accounts/jizhi-zhichang-guancha,,,0,0,1,1,,
Traffic,,,,,,https://www.limingdao.com/zh/tools/%E9%A5%AD%E5%A4%AA%E7%A1%AC,,,0,1,1,1,,
Traffic,,,,,,https://www.limingdao.com/zh/accounts/banfo-semifox,,,0,0,1,1,,
Traffic,,,,,,https://www.limingdao.com/zh/tools/categories/AI%E9%9F%B3%E9%A2%91%E9%9F%B3%E4%B9%90,,,0,1,1,1,,
Traffic,,,,,,https://www.limingdao.com/zh/guides/senior-creators-to-follow,,,0,0,1,1,,
Traffic,,,,,,https://www.limingdao.com/en/guides/home-appliances-creators-to-follow,,,0,1,1,1,,
Traffic,,,,,,https://www.limingdao.com/137743/,,,0,1,1,1,,
Traffic,,,,,,https://www.limingdao.com/zh/accounts/aifou-keji,,,0,2,2,1,,
Traffic,,,,,,https://www.limingdao.com/zh/exit?to=https%3A%2F%2Fspace.bilibili.com%2F470156882,,,1,0,1,1,,
Traffic,,,,,,https://www.limingdao.com/zh/tools/SaltTiger,,,1,0,1,1,,
Traffic,,,,,,https://www.limingdao.com/139957.html,,,0,1,1,1,,
Traffic,,,,,,https://www.limingdao.com/zh/tools/CodeFuse,,,0,1,1,1,,
Traffic,,,,,,https://www.limingdao.com/zh/tools/%E5%8D%8E%E4%B8%BA%E4%BA%91,,,1,1,2,1,,
Traffic,,,,,,https://www.limingdao.com/en/exit?to=https://www.zerogpt.plus/cn/ai-aigc-humanizer,,,0,1,1,1,,
Traffic,,,,,,https://www.limingdao.com/zh/tools/%E6%9C%B1%E9%9B%80AI%E6%A3%80%E6%B5%8B,,,1,0,1,1,,
Traffic,,,,,,https://www.limingdao.com/en/tools/%E9%93%B6%E6%B2%B3%E6%98%93%E5%88%9B,,,0,1,1,1,,
Traffic,,,,,,https://www.limingdao.com/zh/tools/mnfstawesome-free-llm-apis-Permanent-Free-LLM-API-List-API-Keys-,,,0,1,1,1,,
Traffic,,,,,,https://www.limingdao.com/privacy-policy/,,,0,1,1,1,,
Traffic,,,,,,https://www.limingdao.com/en/tools/SaltTiger,,,1,0,1,1,,
Traffic,,,,,,https://www.limingdao.com/zh/accounts/wuli-shejijie,,,1,0,1,1,,
Traffic,,,,,,https://www.limingdao.com/zh/exit?to=https%3A%2F%2Fspace.bilibili.com%2Fxiaolin-coding,,,1,0,1,1,,
Traffic,,,,,,https://www.limingdao.com/en/tools/Model123,,,0,1,1,1,,
Traffic,,,,,,https://www.limingdao.com/zh/exit?to=https%3A%2F%2Fmagnific.ai%2F,,,1,0,1,1,,
Traffic,,,,,,https://www.limingdao.com/142295.html,,,0,1,1,1,,
Traffic,,,,,,https://www.limingdao.com/site/1691.html,,,0,1,1,1,,
Traffic,,,,,,https://www.limingdao.com/zh/exit?to=https://www.douyin.com/search/%25E7%258E%25A9%25E8%25BD%2589office,,,0,0,1,1,,
Traffic,,,,,,https://www.limingdao.com/en/tools/%E8%B1%86%E5%8C%85AI%E5%86%99%E4%BD%9C%E5%8A%A9%E6%89%8B,,,0,1,1,1,,
Traffic,,,,,,https://www.limingdao.com/zh/exit?to=http://moreread.me,,,0,1,1,1,,
Traffic,,,,,,https://www.limingdao.com/en/accounts/hannabaiji,,,0,1,1,1,,
Traffic,,,,,,https://www.limingdao.com/zh/tools/%E7%A0%81%E4%B8%8A%E9%A3%9E-AI%E7%94%9F%E6%88%90%E5%B0%8F%E7%A8%8B%E5%BA%8F,,,1,0,1,1,,
Traffic,,,,,,https://www.limingdao.com/zh/accounts/linyi-lyi,,,0,1,1,1,,
Traffic,,,,,,https://www.limingdao.com/zh/tools/DeepReel,,,1,0,1,1,,
Traffic,,,,,,https://www.limingdao.com/en/accounts/keji-lieshou,,,0,1,1,1,,
Traffic,,,,,,https://www.limingdao.com/zh/accounts/zhihuijun,,,0,1,1,1,,
Traffic,,,,,,https://www.limingdao.com/sites/union-nav,,,0,1,1,1,,
Traffic,,,,,,https://www.limingdao.com/148452/,,,0,1,1,1,,
Traffic,,,,,,https://www.limingdao.com/en/tools/Chronicle,,,0,1,1,1,,
Traffic,,,,,,https://www.limingdao.com/en/exit?to=https://www.linggantext.com/,,,0,1,1,1,,
Traffic,,,,,,https://www.limingdao.com/en/tools/Hulu-AI,,,0,0,1,1,,
Traffic,,,,,,https://www.limingdao.com/en/accounts/shuxue-jianmo-xuexijiaoliu,,,0,1,1,1,,
Traffic,,,,,,https://www.limingdao.com/zh/exit?to=https://space.bilibili.com/343794395,,,0,1,1,1,,
Traffic,,,,,,https://www.limingdao.com/en/tools/ZeroGPT-AIGC%E9%99%8D%E9%87%8D,,,0,1,1,1,,
Traffic,,,,,,https://www.limingdao.com/159707/,,,0,1,1,1,,
Traffic,,,,,,https://www.limingdao.com/zh/tools/AI-%E5%9B%BE%E5%83%8F%E5%A2%9E%E5%BC%BA%E5%B7%A5%E5%85%B7,,,1,0,1,1,,
Traffic,,,,,,https://www.limingdao.com/en/tools/%E6%BB%A1%E8%A1%80DeepSeek-%E9%97%AE%E5%B0%8F%E7%99%BD,,,0,1,1,1,,
Traffic,,,,,,https://www.limingdao.com/zh/accounts/xiaozhang-laoshi-v,,,0,0,1,1,,
Traffic,,,,,,https://www.limingdao.com/zh/accounts/laoshi-hao-wo-jiao-hetongxue,,,0,1,1,1,,
Traffic,,,,,,https://www.limingdao.com/132184/,,,0,1,1,1,,
Traffic,,,,,,https://www.limingdao.com/zh/tools/Seele-AI,,,0,1,1,1,,
Traffic,,,,,,https://www.limingdao.com/zh/accounts/laopao-jianhuo,,,1,0,1,1,,
Traffic,,,,,,https://www.limingdao.com/zh/accounts/the-coding-train,,,0,1,1,1,,
Traffic,,,,,,https://www.limingdao.com/zh/tools/ChatGPT-Shortcut,,,0,1,1,1,,
Traffic,,,,,,https://www.limingdao.com/100527/,,,0,1,1,1,,
Traffic,,,,,,https://www.limingdao.com/zh/exit?to=https%3A%2F%2Fpodcast.adobe.com%2F,,,1,0,1,1,,
Traffic,,,,,,https://www.limingdao.com/en/tools/%E5%95%86%E6%B1%A4%E6%97%A5%E6%97%A5%E6%96%B0%E5%A4%A7%E6%A8%A1%E5%9E%8B,,,1,0,1,1,,
Traffic,,,,,,https://www.limingdao.com/en/guides/geo-generative-engine-optimization,,,0,1,1,1,,
Traffic,,,,,,https://www.limingdao.com/zh/exit?to=https://www.browseros.com/,,,0,0,1,1,,
Traffic,,,,,,https://www.limingdao.com/en/tools/%E9%B9%BF%E7%8F%AD,,,0,1,1,1,,
Traffic,,,,,,https://www.limingdao.com/en/exit?to=https://chatglm.cn/main/alltoolsdetail,,,0,0,1,1,,
Traffic,,,,,,https://www.limingdao.com/zh/exit?to=https%3A%2F%2Fwww.youtube.com%2F%403blue1brown,,,1,0,1,1,,
Traffic,,,,,,https://www.limingdao.com/zh/tools/MGX,,,0,0,1,1,,
Traffic,,,,,,https://www.limingdao.com/zh/accounts/qinba-nainai,,,0,1,1,1,,
Traffic,,,,,,https://www.limingdao.com/zh/tools/Publer.io,,,0,0,1,1,,
Traffic,,,,,,https://www.limingdao.com/24864/,,,1,0,1,1,,
Traffic,,,,,,https://www.limingdao.com/zh/exit?to=https%3A%2F%2Fwww.vozo.ai%2F,,,1,0,1,1,,
Traffic,,,,,,https://www.limingdao.com/redirect/?target=https://cloud.baidu.com/product/duclaw.html,,,0,1,1,1,,
Traffic,,,,,,https://www.limingdao.com/zh/accounts/wanghong-yongle,,,0,1,1,1,,
Traffic,,,,,,https://www.limingdao.com/2989.html,,,0,2,2,1,,
Traffic,,,,,,https://www.limingdao.com/en/exit?to=https://www.wenxiaobai.com/,,,0,1,1,1,,
Traffic,,,,,,https://www.limingdao.com/zh/tools/Alpha.DOG-%E5%9C%B0%E5%9D%80%E7%9B%91%E6%8E%A7%E5%B7%A5%E5%85%B7,,,0,1,1,1,,
Traffic,,,,,,https://www.limingdao.com/zh/exit?to=https%3A%2F%2Fspace.bilibili.com%2F401929486%2F,,,1,0,1,1,,
Traffic,,,,,,https://www.limingdao.com/en/exit?to=https%3A%2F%2Fspace.bilibili.com%2F73842852%2F,,,1,0,1,1,,
Traffic,,,,,,https://www.limingdao.com/zh/tools/AI-Playground-vercel,,,0,1,1,1,,
Traffic,,,,,,https://www.limingdao.com/139363.html,,,0,1,1,1,,
Traffic,,,,,,https://www.limingdao.com/zh/tools/XiaoHu.AI%E5%AD%A6%E9%99%A2,,,0,1,1,1,,
Traffic,,,,,,https://www.limingdao.com/zh/accounts/xueding-elema,,,0,1,1,1,,
Traffic,,,,,,https://www.limingdao.com/zh/accounts/yantu-kaoyan,,,0,0,1,1,,
Traffic,,,,,,https://www.limingdao.com/en/exit?to=https%3A%2F%2Fwww.douyin.com%2Fsearch%2F%25E7%258E%258B%25E5%25BE%25B7%25E9%25A1%25BA,,,1,0,1,1,,
Traffic,,,,,,https://www.limingdao.com/zh/accounts/bidao-thu,,,0,1,1,1,,
Traffic,,,,,,https://www.limingdao.com/zh/tools/Cursor,,,1,0,1,1,,
Traffic,,,,,,https://www.limingdao.com/zh/exit?to=https://www.aliyun.com/benefit/scene/moltbot,,,0,1,1,1,,
Traffic,,,,,,https://www.limingdao.com/blog/,,,1,0,1,1,,
Traffic,,,,,,https://www.limingdao.com/sites/binance-alpha,,,0,1,1,1,,
Traffic,,,,,,https://www.limingdao.com/zh/exit?to=https%3A%2F%2Fyoumind.com%2Fzh-CN%2Fskills,,,1,0,1,1,,
Traffic,,,,,,https://www.limingdao.com/zh/accounts/xihuan-jiu-mai,,,0,1,1,1,,
Traffic,,,,,,https://www.limingdao.com/en/tools/Plandex,,,0,1,1,1,,
Traffic,,,,,,https://www.limingdao.com/zh/tools/KDBooks,,,1,0,1,1,,
Traffic,,,,,,https://www.limingdao.com/en/tools/%E6%A0%87%E6%8E%A2%E9%95%BFAI%E6%A0%87%E4%B9%A6,,,1,0,1,1,,
Traffic,,,,,,https://www.limingdao.com/zh/accounts/chenge-bangong,,,1,0,1,1,,
Traffic,,,,,,https://www.limingdao.com/zh/tools/%E5%85%8D%E8%B4%B9AI%E8%8B%B1%E8%AF%AD%E9%9B%85%E6%80%9D%E5%8F%A3%E8%AF%AD%E5%88%86%E6%9E%90%E6%9C%BA%E5%99%A8%E4%BA%BA,,,1,0,1,1,,
Traffic,,,,,,https://www.limingdao.com/zh/accounts/houge-bangong,,,0,1,1,1,,
Traffic,,,,,,https://www.limingdao.com/en/tools/%E4%BB%8E%E6%89%80%E6%9C%89%E7%BD%91%E7%BB%9C%E6%8F%90%E5%8F%96%E8%A7%86%E9%A2%91_%E5%9B%BE%E5%83%8FTikTokTwitterInstagramVK%E8%A7%86%E9%A2%91%E4%B8%8B%E8%BD%BD,,,0,1,1,1,,
Traffic,,,,,,https://www.limingdao.com/zh/guides/college-competition-internship-creators,,,0,1,1,1,,
Traffic,,,,,,https://www.limingdao.com/sites/autoshare,,,0,1,1,1,,
Traffic,,,,,,https://www.limingdao.com/3891.html,,,0,2,2,1,,
Traffic,,,,,,https://www.limingdao.com/privacy-policy,,,0,1,1,1,,
Traffic,,,,,,https://www.limingdao.com/en/tools/%E6%9E%90%E6%98%93-AI%E8%AE%BA%E6%96%87_%E6%95%B0%E6%8D%AE%E5%88%86%E6%9E%90,,,0,1,1,1,,
Traffic,,,,,,https://www.limingdao.com/zh/tools/%E9%93%B6%E6%B2%B3%E6%98%93%E5%88%9B,,,1,0,1,1,,
Traffic,,,,,,https://www.limingdao.com/en/tools/ClawPal,,,0,1,1,1,,
Traffic,,,,,,https://www.limingdao.com/3783.html,,,0,1,1,1,,
Traffic,,,,,,https://www.limingdao.com/zh/tools/Clipchamp,,,0,1,1,1,,
Traffic,,,,,,https://www.limingdao.com/zh/tools/Codeium,,,0,1,1,1,,
Traffic,,,,,,https://www.limingdao.com/zh/exit?to=https%3A%2F%2Fqzoffice.com%2F,,,1,0,1,1,,
Traffic,,,,,,https://www.limingdao.com/circle?index=9,,,0,1,1,1,,
Traffic,,,,,,https://www.limingdao.com/en/tools/%E9%A3%9E%E4%B9%A6%E5%AE%98%E6%96%B9%E4%BF%AE%E7%82%BC%E6%8C%87%E5%8D%97,,,0,1,1,1,,
Traffic,,,,,,https://www.limingdao.com/en/categories/market-insights,,,1,0,1,1,,
Traffic,,,,,,https://www.limingdao.com/zh/tools/Booltool,,,2,0,2,1,,
Traffic,,,,,,https://www.limingdao.com/zh/accounts/gityuanbao,,,1,0,1,1,,
Traffic,,,,,,https://www.limingdao.com/zh/tools/%E4%BB%8E%E6%89%80%E6%9C%89%E7%BD%91%E7%BB%9C%E6%8F%90%E5%8F%96%E8%A7%86%E9%A2%91_%E5%9B%BE%E5%83%8FTikTokTwitterInstagramVK%E8%A7%86%E9%A2%91%E4%B8%8B%E8%BD%BD,,,0,1,1,1,,
Traffic,,,,,,https://www.limingdao.com/zh/accounts/ai-huanxianglu,,,0,1,1,1,,
Traffic,,,,,,https://www.limingdao.com/zh/accounts/wangguangjie,,,0,1,1,1,,
Traffic,,,,,,https://www.limingdao.com/zh/accounts/zhangtao-daxueshenghuo,,,0,1,1,1,,
Traffic,,,,,,https://www.limingdao.com/zh/categories/senior,,,0,1,1,1,,
Traffic,,,,,,https://www.limingdao.com/tags/AI%E8%A7%86%E9%A2%91%E5%88%9B%E4%BD%9C,,,3,0,3,1,,
Traffic,,,,,,https://www.limingdao.com/135080/,,,0,1,1,1,,
Traffic,,,,,,https://www.limingdao.com/zh/exit?to=https://www.sololearn.com/en/,,,0,1,1,1,,
Traffic,,,,,,https://www.limingdao.com/tag/%E5%B0%8F%E5%AD%A6%E5%A5%A5%E6%95%B0,,,0,1,1,1,,
Traffic,,,,,,https://www.limingdao.com/zh/tools/%E5%B0%8F%E5%8A%9B%E7%9B%98,,,1,0,1,1,,
Traffic,,,,,,https://www.limingdao.com/en/tools/Tabnine,,,0,1,1,1,,
Traffic,,,,,,https://www.limingdao.com/zh/tools/%E7%A7%92%E5%88%9B,,,2,0,2,1.5,,
Traffic,,,,,,https://www.limingdao.com/zh/accounts/xiaojie-ai-funeng,,,1,0,1,1,,
Traffic,,,,,,https://www.limingdao.com/zh/exit?to=https%3A%2F%2Flumalabs.ai%2Fdream-machine,,,1,0,1,1,,
Traffic,,,,,,https://www.limingdao.com/zh/accounts/shuxue-jingsai-feige,,,0,1,1,1,,
Traffic,,,,,,https://www.limingdao.com/zh/tools/%E8%B1%86%E7%BB%98AI,,,0,0,1,1,,
Traffic,,,,,,https://www.limingdao.com/zh/exit?to=https%3A%2F%2Fyuewen.cn%2Fchats%2Fnew,,,1,0,1,1,,
Traffic,,,,,,https://www.limingdao.com/en/tools/BrowserOS,,,0,1,1,1,,
Traffic,,,,,,https://www.limingdao.com/en/tools/%E6%9C%B1%E9%9B%80AI%E6%A3%80%E6%B5%8B%E5%8A%A9%E6%89%8B,,,0,1,1,1,,
Traffic,,,,,,https://www.limingdao.com/zh/tools,,,0,1,4,1,,
Traffic,,,,,,https://www.limingdao.com/1236.html,,,0,2,2,1,,
Traffic,,,,,,https://www.limingdao.com/zh/accounts/woaijingsai-wang,,,1,0,1,1,,
Traffic,,,,,,https://www.limingdao.com/zh/exit?to=https://www.chenjin5.com,,,0,1,1,1,,
Traffic,,,,,,https://www.limingdao.com/zh/tools/Medeo,,,0,1,1,1,,
Traffic,,,,,,https://www.limingdao.com/zh/tools/TechGPT-%E4%B8%9C%E5%8C%97%E5%A4%A7%E5%AD%A6,,,1,0,1,1,,
Traffic,,,,,,https://www.limingdao.com/zh/tools/EasyClaw,,,1,0,1,1,,
Traffic,,,,,,https://www.limingdao.com/page/338?golink=aHR0cHM6Ly8xN3lvbmdhaS5jb20vZ28vP3VybD1hSFIwY0hNNkx5OTNkM2N1WVdsd2NtMHVZMjl0THclM0QlM0Q=,,,0,1,1,1,,
Traffic,,,,,,https://www.limingdao.com/32969/,,,0,1,1,1,,
Traffic,,,,,,https://www.limingdao.com/zh/exit?to=https%3A%2F%2Fspace.bilibili.com%2F25876945%2F,,,1,0,1,1,,
Traffic,,,,,,https://www.limingdao.com/sites/share,,,0,1,1,1,,
Traffic,,,,,,https://www.limingdao.com/zh/exit?to=https%3A%2F%2Fwww.moonstatistics.com%2Fhome,,,1,0,1,1,,
Traffic,,,,,,https://www.limingdao.com/zh/accounts/tianerong-qinshizhang,,,0,1,1,1,,
Traffic,,,,,,https://www.limingdao.com/en/tools/%E7%AC%94%E7%81%B5AI%E5%86%99%E4%BD%9C,,,0,1,1,1,,
Traffic,,,,,,https://www.limingdao.com/zh/tools/WHEE,,,1,0,1,1,,
Traffic,,,,,,https://www.limingdao.com/zh/tools/%E7%AC%94%E6%A0%BC%E8%AE%BE%E8%AE%A1,,,1,0,1,1,,
Traffic,,,,,,https://toolify-directory-static.vercel.app/zh,vercel.com,,1,0,1,1,,
Traffic,,,,,,https://www.limingdao.com/en/exit?to=https%3A%2F%2Fspace.bilibili.com%2F19319172%2F,,,1,0,1,1,,
Traffic,,,,,,https://www.limingdao.com/zh,www.limingdao.com,,1,0,1,1,,
Traffic,,,,,,https://www.limingdao.com/zh/accounts/sample-creator-1,,,1,1,2,1,,
Traffic,,,,,,https://www.limingdao.com/86856/,,,0,1,1,1,,
Traffic,,,,,,https://www.limingdao.com/en/accounts/3blue1brown,,,0,1,1,1,,
Traffic,,,,,,https://www.limingdao.com/en/exit?to=https://www.yanbiai.com/workplace,,,0,1,1,1,,
Traffic,,,,,,https://www.limingdao.com/zh/tools/categories/AI%E6%99%BA%E8%83%BD%E4%BD%93,,,0,1,1,1,,
Traffic,,,,,,https://www.limingdao.com/zh/accounts/shuxue-jianmo-boom,,,1,0,1,1,,
Traffic,,,,,,https://www.limingdao.com/zh/accounts/zhongbaoyan-dao,,,0,1,1,1,,
Traffic,,,,,,https://www.limingdao.com/zh/exit?to=https://space.bilibili.com/20259474,,,0,0,1,1,,
Traffic,,,,,,https://www.limingdao.com/zh/exit?to=https://www.youtube.com/@TheCodingTrain,,,0,1,1,1,,
Traffic,,,,,,https://www.limingdao.com/zh/tools/Hedra,,,0,1,1,1,,
Traffic,,,,,,https://www.limingdao.com/zh/tools/Visual-Studio-IntelliCode,,,1,0,1,1,,
Traffic,,,,,,https://www.limingdao.com/zh/tools/%E5%A2%A8%E7%8B%90AI%E5%86%99%E5%B0%8F%E8%AF%B4,,,1,0,1,1,,
Traffic,,,,,,https://www.limingdao.com/zh/guides/geo-generative-engine-optimization,,,1,2,3,2,,
Traffic,,,,,,https://www.limingdao.com/en/exit?to=https%3A%2F%2Fwww.youtube.com%2F%40TwoMinutePapers,,,1,0,1,1,,
Traffic,,,,,,https://www.limingdao.com/en/tools/kreadoai,,,1,0,1,1,,
Traffic,,,,,,https://www.limingdao.com/zh/tools/CodiumAI,,,0,1,1,1,,
Traffic,,,,,,https://www.limingdao.com/zh/accounts/luoxiang-shuofaxing,,,0,0,1,1,,
Traffic,,,,,,https://www.limingdao.com/zh/accounts/monadashushu,,,0,0,1,1,,
Traffic,,,,,,https://www.limingdao.com/zh/tools/Muset,,,1,0,1,1,,
Traffic,,,,,,https://www.limingdao.com/zh/tools/Turntable,,,0,1,1,1,,
Traffic,,,,,,https://www.limingdao.com/zh/accounts/keji-lieshou,,,0,1,1,1,,
Traffic,,,,,,https://www.limingdao.com/138299/,,,0,1,1,1,,
Traffic,,,,,,https://www.limingdao.com/site/1497.html,,,0,1,1,1,,
Traffic,,,,,,https://www.limingdao.com/zh/categories/marketing-seo,www.limingdao.com,,1,0,1,1,,
Traffic,,,,,,https://www.limingdao.com/zh/tools/%E9%9D%A2%E5%A4%9A%E5%A4%9A,,,0,0,1,1,,
Traffic,,,,,,https://www.limingdao.com/zh/guides/ai-content-creators-to-follow,,,0,1,1,1,,
Traffic,,,,,,https://www.limingdao.com/zh/tools/quazel,,,0,2,2,1,,
Traffic,,,,,,https://www.limingdao.com/zh/tools/Wanderboat,,,1,0,1,1,,
Traffic,,,,,,https://www.limingdao.com/zh/guides/college-back-to-school-gear,,,0,2,3,1,,
Traffic,,,,,,https://www.limingdao.com/zh/tools/Telegraph%E5%9B%BE%E5%BA%8A,,,0,0,1,1,,
Traffic,,,,,,https://www.limingdao.com/redirect/?target=https%3A%2F%2Ftype.ai,,,0,1,1,1,,
Traffic,,,,,,https://www.limingdao.com/zh/tools/ModelGate,,,0,0,1,1,,
Traffic,,,,,,https://www.limingdao.com/zh/exit?to=https://github.com/mnfst/awesome-free-llm-apis,,,0,1,1,1,,
Traffic,,,,,,https://www.limingdao.com/redirect/?target=https://aixcoder.com/%23/,,,0,1,1,1,,
Traffic,,,,,,https://www.limingdao.com/tag/%E5%86%B7%E9%97%A8%E8%B5%9B%E9%81%93?orderby=modified,,,0,1,1,1,,
Traffic,,,,,,https://www.limingdao.com/3811.html,,,0,1,1,1,,
Traffic,,,,,,https://www.limingdao.com/zh/exit?to=https://space.bilibili.com/486989780/,,,0,1,1,1,,
Traffic,,,,,,https://www.limingdao.com/zh/tools/fliki,,,1,0,1,1,,
Traffic,,,,,,https://www.limingdao.com/en/tools/%E9%A9%AD%E7%A0%81CodeRider,,,0,0,1,1,,
Traffic,,,,,,https://www.limingdao.com/zh/tools/LOVO-AI,,,1,0,1,1,,
Traffic,,,,,,https://www.limingdao.com/en/tools/Muset,,,0,1,1,1,,
Traffic,,,,,,https://www.limingdao.com/zh/accounts/zhangyu-kaoyan,,,0,1,1,1,,
Traffic,,,,,,https://www.limingdao.com/en/tools/Pollo-AI,,,1,0,1,1,,
Traffic,,,,,,https://www.limingdao.com/zh/tools/Exa-AI,,,1,0,1,1,,
Traffic,,,,,,https://www.limingdao.com/en/tools/OpenRouter-Rankings,,,1,0,1,1,,
Traffic,,,,,,https://www.limingdao.com/en/guides/ai-learning-path,,,1,0,2,1,,
Traffic,,,,,,https://www.limingdao.com/zh/exit?to=https://felo.ai/search,,,0,1,1,1,,
Traffic,,,,,,https://www.limingdao.com/tags/AI%E5%A4%A7%E6%A8%A1%E5%9E%8B,,,1,0,1,1,,
Traffic,,,,,,https://www.limingdao.com/zh/tools/%E8%AE%AF%E9%A3%9E%E6%98%9F%E7%81%AB,,,0,0,1,1,,
Traffic,,,,,,https://www.limingdao.com/en/tools/DeepReel,,,0,0,1,1,,
Traffic,,,,,,https://www.limingdao.com/en/accounts/penghong-milo,,,0,1,1,1,,
Traffic,,,,,,https://www.limingdao.com/en/tools/Vozo,,,1,0,1,1,,
EngagementTime,,,,,,https://www.limingdao.com/zh/tools/%E8%BF%99%E4%B8%AA-%E5%BC%80%E6%BA%90Skill%E8%87%AA%E5%8A%A8%E6%8E%92%E7%89%88%E5%8F%91%E9%80%81%E5%88%B0%E5%85%AC%E4%BC%97%E5%8F%B7%E8%8D%89%E7%A8%BF%E4%B8%8D%E8%8A%B1%E4%B8%80%E5%88%86%E9%92%B1,,,,,,,9,9
EngagementTime,,,,,,https://www.limingdao.com/en/exit?to=https%3A%2F%2Fwww.youtube.com%2F%40TwoMinutePapers,,,,,,,2,2
EngagementTime,,,,,,https://www.limingdao.com/zh,,,,,,,59,18
EngagementTime,,,,,,https://www.limingdao.com/en/categories/marketing-seo,,,,,,,5,5
EngagementTime,,,,,,https://www.limingdao.com/zh/tools/%E5%B7%A8%E6%97%A5%E7%A6%84,,,,,,,2,2
EngagementTime,,,,,,https://www.limingdao.com/zh/tools/DeepReel,,,,,,,3,3
EngagementTime,,,,,,https://www.limingdao.com/zh/guides/geo-keyword-content-checklist,www.limingdao.com,,,,,,194,9
EngagementTime,,,,,,https://www.limingdao.com/en/exit?to=https%3A%2F%2Fspace.bilibili.com%2F697174669%2F,,,,,,,2,2
EngagementTime,,,,,,https://www.limingdao.com/zh/categories/marketing-seo,www.limingdao.com,,,,,,1,1
EngagementTime,,,,,,https://www.limingdao.com/zh/accounts/liyongle-laoshi,,,,,,,3,3
EngagementTime,,,,,,https://www.limingdao.com/zh/tools/KDBooks,,,,,,,0,0
EngagementTime,,,,,,https://www.limingdao.com/zh/tools/TechGPT-%E4%B8%9C%E5%8C%97%E5%A4%A7%E5%AD%A6,,,,,,,0,0
EngagementTime,,,,,,https://www.limingdao.com/en/exit?to=https%3A%2F%2Fwww.douyin.com%2Fsearch%2Fspzp_04,,,,,,,2,2
EngagementTime,,,,,,https://www.limingdao.com/zh/tools/%E8%AE%AF%E9%A3%9E%E6%99%BA%E4%BD%9C,,,,,,,8,0
EngagementTime,,,,,,https://www.limingdao.com/zh/guides/senior-content-themes,,,,,,,20,0
EngagementTime,,,,,,https://www.limingdao.com/zh/tools/EasyClaw,,,,,,,0,0
EngagementTime,,,,,,https://www.limingdao.com/zh,www.limingdao.com,,,,,,188,4
EngagementTime,,,,,,https://www.limingdao.com/zh/accounts/nvsheng-sushe-riji,,,,,,,7,7
EngagementTime,,,,,,https://www.limingdao.com/categories/AI%E5%BA%94%E7%94%A8,,,,,,,0,0
EngagementTime,,,,,,https://www.limingdao.com/en/exit?to=https%3A%2F%2Fspace.bilibili.com%2F73842852%2F,,,,,,,2,2
EngagementTime,,,,,,https://www.limingdao.com/zh/tools/%E5%A2%A8%E7%8B%90AI%E5%86%99%E5%B0%8F%E8%AF%B4,,,,,,,0,0
EngagementTime,,,,,,https://www.limingdao.com/,,,,,,,0,0
EngagementTime,,,,,,https://www.limingdao.com/zh/tools/%E5%BF%97%E6%84%BF%E7%A9%BA%E9%97%B4,,,,,,,3,3
EngagementTime,,,,,,https://www.limingdao.com/zh/tools/fliki,,,,,,,2,2
EngagementTime,,,,,,https://www.limingdao.com/zh/exit?to=https%3A%2F%2Fxingyuexiezuo.com%2F,,,,,,,2,2
EngagementTime,,,,,,https://www.limingdao.com/zh/tools/TinyWow,,,,,,,2,2
EngagementTime,,,,,,https://www.limingdao.com/en/tools/%E6%A0%87%E6%8E%A2%E9%95%BFAI%E6%A0%87%E4%B9%A6,,,,,,,2,2
EngagementTime,,,,,,https://www.limingdao.com/zh/tools/Presentations.AI,,,,,,,4,4
EngagementTime,,,,,,https://www.limingdao.com/zh/tools/Wanderboat,,,,,,,13,13
EngagementTime,,,,,,https://www.limingdao.com/zh/tools/AI-%E5%9B%BE%E5%83%8F%E5%A2%9E%E5%BC%BA%E5%B7%A5%E5%85%B7,,,,,,,1,1
EngagementTime,,,,,,https://www.limingdao.com/zh/exit?to=https%3A%2F%2Fwww.moonstatistics.com%2Fhome,,,,,,,2,2
EngagementTime,,,,,,https://www.limingdao.com/zh/tools/Onlook,,,,,,,3,3
EngagementTime,,,,,,https://www.limingdao.com/zh/exit?to=https%3A%2F%2Fmagnific.ai%2F,,,,,,,2,2
EngagementTime,,,,,,https://www.limingdao.com/zh/guides/home-appliances-buying-guide,,,,,,,0,0
EngagementTime,,,,,,https://www.limingdao.com/categories/AI%E5%86%99%E4%BD%9C,,,,,,,0,0
EngagementTime,,,,,,https://www.limingdao.com/zh/exit?to=https%3A%2F%2Flumalabs.ai%2Fdream-machine,,,,,,,8,8
EngagementTime,,,,,,https://www.limingdao.com/zh/tools/WHEE,,,,,,,4,4
EngagementTime,,,,,,https://www.limingdao.com/en/exit?to=https%3A%2F%2Fwww.douyin.com%2Fsearch%2F%25E7%258E%25A9%25E8%25BD%2589office,,,,,,,2,2
EngagementTime,,,,,,https://www.limingdao.com/zh/exit?to=https%3A%2F%2Fopenrouter.ai%2Frankings,,,,,,,3,3
EngagementTime,,,,,,https://www.limingdao.com/tags,,,,,,,0,0
EngagementTime,,,,,,https://www.limingdao.com/zh/tools/MOKI,,,,,,,0,0
EngagementTime,,,,,,https://www.limingdao.com/zh/tools/SaltTiger,,,,,,,14,14
EngagementTime,,,,,,https://www.limingdao.com/zh/exit?to=https%3A%2F%2Fspace.bilibili.com%2F470156882,,,,,,,3,3
EngagementTime,,,,,,https://www.limingdao.com/en/accounts/xiaosheng-bangong,,,,,,,0,0
EngagementTime,,,,,,https://www.limingdao.com/en/tools/%E5%95%86%E6%B1%A4%E6%97%A5%E6%97%A5%E6%96%B0%E5%A4%A7%E6%A8%A1%E5%9E%8B,,,,,,,2,2
EngagementTime,,,,,,https://www.limingdao.com/en/tools/Fish-Audio,,,,,,,2,2
EngagementTime,,,,,,https://www.limingdao.com/zh/exit?to=https%3A%2F%2Fspace.bilibili.com%2F401929486%2F,,,,,,,2,2
EngagementTime,,,,,,https://www.limingdao.com/zh/tools/Cursor,,,,,,,0,0
EngagementTime,,,,,,https://www.limingdao.com/zh/exit?to=https%3A%2F%2Fwww.picdoc.cn%2F,,,,,,,1,1
EngagementTime,,,,,,https://www.limingdao.com/zh/exit?to=https%3A%2F%2Fapp.insta-speak.com%2F,,,,,,,2,2
EngagementTime,,,,,,https://www.limingdao.com/en/tools/kreadoai,,,,,,,9,9
EngagementTime,,,,,,https://www.limingdao.com/tags/AI%E5%86%99%E4%BD%9C%E5%B7%A5%E5%85%B7,,,,,,,27,27
EngagementTime,,,,,,https://www.limingdao.com/en/exit?to=https%3A%2F%2Fspace.bilibili.com%2F19319172%2F,,,,,,,1,1
EngagementTime,,,,,,https://www.limingdao.com/zh/tools/Booltool,,,,,,,2,2
EngagementTime,,,,,,https://www.limingdao.com/zh/accounts/douge-heikeji,,,,,,,26,26
EngagementTime,,,,,,https://www.limingdao.com/tags/AI%E5%9B%BE%E5%83%8F,,,,,,,0,0
EngagementTime,,,,,,https://www.limingdao.com/zh/exit?to=https%3A%2F%2Fwww.vozo.ai%2F,,,,,,,2,2
EngagementTime,,,,,,https://www.limingdao.com/zh/accounts/genji-shizhen-ai,,,,,,,1,1
EngagementTime,,,,,,https://www.limingdao.com/zh/exit?to=https%3A%2F%2Fspace.bilibili.com%2Fxiaolin-coding,,,,,,,3,3
EngagementTime,,,,,,https://www.limingdao.com/zh/guides/geo-generative-engine-optimization,,,,,,,34,34
EngagementTime,,,,,,https://www.limingdao.com/zh/accounts/shuxue-jianmo-boom,,,,,,,6,6
EngagementTime,,,,,,https://www.limingdao.com/zh/tools/Visual-Studio-IntelliCode,,,,,,,2,2
EngagementTime,,,,,,https://www.limingdao.com/24864/,,,,,,,3,3
EngagementTime,,,,,,https://www.limingdao.com/en/exit?to=https%3A%2F%2Fwww.douyin.com%2Fsearch%2F%25E9%2598%25BF%25E6%259C%25A8%25E7%2588%25B7%25E7%2588%25B7,,,,,,,2,2
EngagementTime,,,,,,https://www.limingdao.com/en/tools/Pollo-AI,,,,,,,2,2
EngagementTime,,,,,,https://www.limingdao.com/tags/AI%E5%A4%A7%E6%A8%A1%E5%9E%8B,,,,,,,0,0
EngagementTime,,,,,,https://www.limingdao.com/en/tools/WHEE,,,,,,,6,6
EngagementTime,,,,,,https://www.limingdao.com/zh/exit?to=https%3A%2F%2Fspace.bilibili.com%2F254463269%2F,,,,,,,2,2
EngagementTime,,,,,,https://www.limingdao.com/en/exit?to=https%3A%2F%2Fspace.bilibili.com%2F12351332%2F,,,,,,,2,2
EngagementTime,,,,,,https://www.limingdao.com/en/tools/SaltTiger,,,,,,,2,2
EngagementTime,,,,,,https://www.limingdao.com/en/guides/ai-learning-path,,,,,,,0,0
EngagementTime,,,,,,https://www.limingdao.com/zh/tools/Moltbook,,,,,,,2,2
EngagementTime,,,,,,https://www.limingdao.com/zh/tools/Exa-AI,,,,,,,0,0
EngagementTime,,,,,,https://www.limingdao.com/zh/accounts/laopao-jianhuo,,,,,,,2,2
EngagementTime,,,,,,https://www.limingdao.com/zh/exit?to=https%3A%2F%2Fpodcast.adobe.com%2F,,,,,,,2,2
EngagementTime,,,,,,https://www.limingdao.com/sub-category/AI%E5%86%99%E4%BD%9C,,,,,,,0,0
EngagementTime,,,,,,https://toolify-directory-static.vercel.app/zh,vercel.com,,,,,,53,7
EngagementTime,,,,,,https://www.limingdao.com/en/guides/renovation-creators-to-follow,,,,,,,3,3
EngagementTime,,,,,,https://www.limingdao.com/en/tools/Nmod,,,,,,,3,3
EngagementTime,,,,,,https://www.limingdao.com/tags/AI%E8%A7%86%E9%A2%91%E5%88%9B%E4%BD%9C,,,,,,,1,1
EngagementTime,,,,,,https://www.limingdao.com/blog/,,,,,,,0,0
EngagementTime,,,,,,https://www.limingdao.com/en/tools/MoodGallery-APP,,,,,,,2,2
EngagementTime,,,,,,https://www.limingdao.com/en/exit?to=https%3A%2F%2Fwww.douyin.com%2Fsearch%2F%25E7%258E%258B%25E5%25BE%25B7%25E9%25A1%25BA,,,,,,,1,1
EngagementTime,,,,,,https://www.limingdao.com/zh/tools/%E5%B0%8F%E5%8A%9B%E7%9B%98,,,,,,,4,4
EngagementTime,,,,,,https://www.limingdao.com/sub-category/AI%E5%BC%80%E6%BA%90%E9%A1%B9%E7%9B%AE,,,,,,,1,1
EngagementTime,,,,,,https://www.limingdao.com/zh/exit?to=https%3A%2F%2Fwww.doudou.fun%2F,,,,,,,2,2
EngagementTime,,,,,,https://www.limingdao.com/en/tools/OpenRouter-Rankings,,,,,,,7,7
EngagementTime,,,,,,https://www.limingdao.com/zh/exit?to=https%3A%2F%2Fwww.douyin.com%2Fsearch%2F%25E4%25B8%2589%25E7%25A7%2592-office,,,,,,,2,2
EngagementTime,,,,,,https://www.limingdao.com/en/categories/market-insights,,,,,,,7,7
EngagementTime,,,,,,https://www.limingdao.com/en/tools/%E7%A5%9E%E7%AC%94%E9%A9%AC%E8%89%AF,,,,,,,0,0
EngagementTime,,,,,,https://www.limingdao.com/zh/tools/%E8%BD%BB%E7%AB%B9%E5%8A%9E%E5%85%AC,,,,,,,3,3
EngagementTime,,,,,,https://www.limingdao.com/zh/tools/%E4%B8%87%E7%9B%B8%E8%90%A5%E9%80%A0,,,,,,,0,0
EngagementTime,,,,,,https://www.limingdao.com/zh/accounts/huaye-mengyi-huanjiuqian,,,,,,,9,0
EngagementTime,,,,,,https://www.limingdao.com/zh/exit?to=https%3A%2F%2Fwww.icnpy.com%2F,,,,,,,2,2
EngagementTime,,,,,,https://www.limingdao.com/zh/tools/%E5%85%8D%E8%B4%B9AI%E8%8B%B1%E8%AF%AD%E9%9B%85%E6%80%9D%E5%8F%A3%E8%AF%AD%E5%88%86%E6%9E%90%E6%9C%BA%E5%99%A8%E4%BA%BA,,,,,,,10,10
EngagementTime,,,,,,https://www.limingdao.com/zh/accounts/woaijingsai-wang,,,,,,,5,5
EngagementTime,,,,,,https://www.limingdao.com/zh/accounts/shejishi-ashuang,,,,,,,1,1
EngagementTime,,,,,,https://www.limingdao.com/zh/exit?to=https%3A%2F%2Fyuewen.cn%2Fchats%2Fnew,,,,,,,2,2
EngagementTime,,,,,,https://www.limingdao.com/zh/tools/%E7%AC%94%E6%A0%BC%E8%AE%BE%E8%AE%A1,,,,,,,3,3
EngagementTime,,,,,,https://www.limingdao.com/en/exit?to=https%3A%2F%2Fspace.bilibili.com%2F7458285%2F,,,,,,,2,2
EngagementTime,,,,,,https://www.limingdao.com/en/exit?to=https%3A%2F%2Fspace.bilibili.com%2F407045223%2F,,,,,,,2,2
EngagementTime,,,,,,https://www.limingdao.com/en/tools/%E8%AE%AF%E9%A3%9E%E6%98%9F%E7%81%ABAPP,,,,,,,3,3
EngagementTime,,,,,,https://www.limingdao.com/zh/exit?to=https%3A%2F%2Flzpanx.com%2F,,,,,,,2,2
EngagementTime,,,,,,https://www.limingdao.com/en/exit?to=https%3A%2F%2Fspace.bilibili.com%2F519872016%2F,,,,,,,2,2
EngagementTime,,,,,,https://www.limingdao.com/zh/exit?to=https%3A%2F%2Fqzoffice.com%2F,,,,,,,3,3
EngagementTime,,,,,,https://www.limingdao.com/zh/guides,www.limingdao.com,,,,,,16,16
EngagementTime,,,,,,https://www.limingdao.com/zh/guides/education-learning-path,,,,,,,0,0
EngagementTime,,,,,,https://www.limingdao.com/zh/tools/%E7%A7%92%E5%88%9B,,,,,,,97,97
EngagementTime,,,,,,https://www.limingdao.com/zh/exit?to=https%3A%2F%2Fspace.bilibili.com%2F259768893%2F,,,,,,,2,2
EngagementTime,,,,,,https://www.limingdao.com/en/exit?to=https%3A%2F%2Fspace.bilibili.com%2F1900783%2F,,,,,,,2,2
EngagementTime,,,,,,https://www.limingdao.com/zh/exit?to=https%3A%2F%2Fspace.bilibili.com%2F25876945%2F,,,,,,,0,0
EngagementTime,,,,,,https://www.limingdao.com/zh/tools/%E6%9C%B1%E9%9B%80AI%E6%A3%80%E6%B5%8B,,,,,,,5,0
EngagementTime,,,,,,https://www.limingdao.com/en/tools/Vozo,,,,,,,2,2
EngagementTime,,,,,,https://www.limingdao.com/zh/exit?to=https%3A%2F%2Fwww.xaudiopro.com%2Fcn%2F,,,,,,,2,2
EngagementTime,,,,,,https://www.limingdao.com/zh/tools/LOVO-AI,,,,,,,9,9
EngagementTime,,,,,,https://www.limingdao.com/en/tools/Adobe-Podcast,,,,,,,2,2
EngagementTime,,,,,,https://www.limingdao.com/zh/exit?to=https%3A%2F%2Ffryderyk.ai%2F,,,,,,,3,3
EngagementTime,,,,,,https://www.limingdao.com/zh/tools/Adobe%E5%9C%A8%E7%BA%BF%E5%B7%A5%E5%85%B7,,,,,,,4,4
EngagementTime,,,,,,https://www.limingdao.com/zh/accounts/chenge-bangong,,,,,,,1,1
EngagementTime,,,,,,https://www.limingdao.com/zh/accounts/gityuanbao,,,,,,,1,1
EngagementTime,,,,,,https://www.limingdao.com/zh/tools/Phind,,,,,,,0,0
EngagementTime,,,,,,https://www.limingdao.com/zh/accounts/xiaojie-ai-funeng,,,,,,,17,0
EngagementTime,,,,,,https://www.limingdao.com/zh/tools/CHTML,,,,,,,0,0
EngagementTime,,,,,,https://www.limingdao.com/zh/exit?to=https%3A%2F%2Fwww.aliyun.com%2Fbenefit%2Fscene%2Fcodingplan,,,,,,,2,2
EngagementTime,,,,,,https://www.limingdao.com/zh/tools/Muset,,,,,,,1,1
EngagementTime,,,,,,https://www.limingdao.com/zh/exit?to=https%3A%2F%2Fsalttiger.com%2F,,,,,,,2,2
EngagementTime,,,,,,https://www.limingdao.com/zh/accounts/lishidiaoyanshi,,,,,,,0,0
EngagementTime,,,,,,https://www.limingdao.com/zh/tools/CopyLeaks,,,,,,,0,0
EngagementTime,,,,,,https://www.limingdao.com/en/exit?to=https%3A%2F%2Fwww.douyin.com%2Fsearch%2FWPS%25E5%25A4%25A7%25E8%2580%2581%25E6%259D%25BF,,,,,,,2,2
EngagementTime,,,,,,https://www.limingdao.com/zh/tools/%E7%B4%AB%E4%B8%9C%E5%A4%AA%E5%88%9D-%E5%A4%9A%E6%A8%A1%E6%80%81%E5%A4%A7%E6%A8%A1%E5%9E%8B,,,,,,,0,0
EngagementTime,,,,,,https://www.limingdao.com/zh/exit?to=https%3A%2F%2Fbigesj.com%2F,,,,,,,3,3
EngagementTime,,,,,,https://www.limingdao.com/zh/guides/renovation-creators-to-follow,,,,,,,1,1
EngagementTime,,,,,,https://www.limingdao.com/zh/tools/MiniMax-Audio,,,,,,,0,0
EngagementTime,,,,,,https://www.limingdao.com/zh/exit?to=https%3A%2F%2Fwww.youtube.com%2F%403blue1brown,,,,,,,11,11
EngagementTime,,,,,,https://www.limingdao.com/en/exit?to=https%3A%2F%2Fspace.bilibili.com%2F1931267550,,,,,,,2,2
EngagementTime,,,,,,https://www.limingdao.com/zh/tools/%E7%A0%81%E4%B8%8A%E9%A3%9E-AI%E7%94%9F%E6%88%90%E5%B0%8F%E7%A8%8B%E5%BA%8F,,,,,,,0,0
EngagementTime,,,,,,https://www.limingdao.com/zh/accounts/sample-creator-1,,,,,,,6,0
EngagementTime,,,,,,https://www.limingdao.com/en/tools/%E8%BD%BB%E7%AB%B9%E5%8A%9E%E5%85%AC,,,,,,,5,5
EngagementTime,,,,,,https://www.limingdao.com/zh/tools/%E9%93%B6%E6%B2%B3%E6%98%93%E5%88%9B,,,,,,,0,0
EngagementTime,,,,,,https://www.limingdao.com/zh/exit?to=https%3A%2F%2Fwww.nmod.net,,,,,,,6,6
EngagementTime,,,,,,https://www.limingdao.com/zh/exit?to=https%3A%2F%2Fspace.bilibili.com%2F1567748478,,,,,,,7,7
EngagementTime,,,,,,https://www.limingdao.com/zh/exit?to=https%3A%2F%2Fyoumind.com%2Fzh-CN%2Fskills,,,,,,,9,9
EngagementTime,,,,,,https://www.limingdao.com/en/tools/MiniMax%E5%BC%80%E6%94%BE%E5%B9%B3%E5%8F%B0,,,,,,,8,8
EngagementTime,,,,,,https://www.limingdao.com/zh/accounts/wuli-shejijie,,,,,,,1,1
EngagementTime,,,,,,https://www.limingdao.com/en/exit?to=https%3A%2F%2Fspace.bilibili.com%2F259768893%2F,,,,,,,0,0
EngagementTime,,,,,,https://www.limingdao.com/zh/exit?to=https%3A%2F%2Fwww.douyin.com%2Fsearch%2F%25E7%258E%25A9%25E8%25BD%2589office,,,,,,,2,2
EngagementTime,,,,,,https://www.limingdao.com/zh/tools/%E7%A8%BF%E5%AE%9AAI,,,,,,,0,0
EngagementTime,,,,,,https://www.limingdao.com/en/tools/Video-Ocean,,,,,,,2,2
EngagementTime,,,,,,https://www.limingdao.com/zh/tools/%E5%8D%8E%E4%B8%BA%E4%BA%91,,,,,,,0,0
